Depth;LFP_RHOB_B;LFP_RHOB_G;LFP_RHOB_O;LFP_RHOB_V;LFP_VP_B;LFP_VP_G;LFP_VP_O;LFP_VP_V;LFP_VS_B;LFP_VS_G;LFP_VS_O;LFP_VS_V;Vp_50oil50water;Vs_50oil50water;Rho_50oil50water;Vp_20oil80water;Vs_20oil80water;Rho_20oil80water;Vp_80oil20water;Vs_80oil20water;Rho_80oil20water;Vp_50oil50gas;Vs_50oil50gas;Rho_50oil50gas
1741.0664;2.1324;2.1324;2.1324;2.1324;2590.5361;2590.5361;2590.5361;2590.5361;1223.0309;1223.0309;1223.0309;1223.0309;2591.1916;1223.7448;2.1325;2591.1916;1223.7448;2.1325;2591.1916;1223.7448;2.1325;2591.1916;1223.7448;2.1325
1741.2188;2.1098;2.1098;2.1098;2.1098;2628.7469;2628.7469;2628.7469;2628.7469;1276.7975;1276.7975;1276.7975;1276.7975;2628.3388;1275.7785;2.1102;2628.2929;1275.7832;2.1102;2628.3898;1275.7739;2.1102;2628.6004;1275.7337;2.1102
1741.3712;2.102;2.1022;2.1022;2.1022;2705.3882;2708.7124;2706.1887;2705.9631;1366.3696;1365.2257;1366.1656;1366.2317;2705.0227;1367.2414;2.1014;2705.9921;1367.1436;2.1018;2704.0597;1367.3376;2.1012;2698.9669;1368.2345;2.1
1741.5236;2.1084;2.0637;2.1017;2.1041;2866.3706;2819.4324;2850.0926;2854.4236;1466.5018;1484.5928;1469.0877;1468.1922;2791.1834;1471.6316;2.0912;2829.896;1468.3352;2.1002;2762.0919;1474.9472;2.0821;2554.096;1509.522;1.9901
1741.676;2.1276;1.92;2.0959;2.1055;3132.5068;2956.1717;3064.8576;3080.5015;1619.9293;1707.8494;1632.2323;1628.3035;3080.2659;1626.2308;2.1063;3104.3598;1622.4806;2.116;3063.6143;1630.0071;2.0965;2978.7593;1668.2463;2.0018
1741.8284;2.1378;1.9061;2.1034;2.1114;3227.0901;3091.5909;3155.3405;3165.7715;1735.1033;1838.0501;1749.2854;1746.0244;3176.578;1743.6136;2.117;3204.1656;1739.0318;2.1281;3157.6818;1748.2318;2.1058;3048.8016;1796.8082;1.9934
1741.9808;2.1512;1.9029;2.1144;2.1193;3255.1389;3119.7685;3175.9264;3182.2516;1772.7048;1884.2098;1788.0369;1786.015;3203.5023;1780.4529;2.1314;3234.4038;1775.5094;2.1433;3182.2839;1785.4379;2.1195;3049.2712;1839.1849;1.9971
1742.1332;2.164;1.9167;2.1273;2.1292;3268.135;3128.1336;3186.0754;3188.7249;1783.3542;1895.2316;1798.5969;1797.8054;3216.1985;1791.1374;2.1449;3247.9106;1786.1779;2.1568;3194.3768;1796.1385;2.133;3056.0713;1850.4954;2.0096
1742.2856;2.1682;1.9236;2.1319;2.1331;3270.2807;3128.2055;3188.3373;3189.4984;1779.7619;1888.9672;1794.8391;1794.3449;3218.2428;1788.1583;2.1497;3250.115;1783.2875;2.1614;3196.247;1793.0692;2.1379;3055.2143;1846.4439;2.0159
1742.438;2.1663;1.9208;2.1299;2.1305;3270.4033;3136.241;3190.5249;3191.3933;1759.6397;1868.7724;1774.6109;1774.3483;3220.1062;1767.4898;2.1476;3251.0832;1762.6451;2.1594;3198.8372;1772.3746;2.1358;3064.4303;1825.438;2.0135
1742.5904;2.1626;1.9152;2.1259;2.1262;3254.9163;3118.2181;3174.0002;3174.3015;1753.3852;1863.2429;1768.478;1768.3638;3204.8984;1761.0339;2.1438;3236.3191;1756.1595;2.1557;3183.2991;1765.9492;2.1319;3045.8543;1819.3446;2.0086
1742.7428;2.1566;1.9064;2.1195;2.1195;3217.0685;3060.3475;3130.1443;3130.2231;1752.1407;1863.4511;1767.4276;1767.4196;3162.7146;1760.1047;2.1375;3196.3214;1755.1654;2.1495;3139.4156;1765.0861;2.1255;2988.0745;1819.2104;2.0009
1742.8952;2.147;1.8925;2.1092;2.1092;3202.6718;3047.2012;3115.9474;3115.8502;1745.4363;1858.8639;1760.9602;1760.9931;3147.6679;1753.3478;2.1275;3181.2794;1748.3233;2.1398;3124.4098;1758.4159;2.1153;2973.921;1813.5435;1.9887
1743.0476;2.1373;1.8779;2.0988;2.0986;3196.9077;3052.3214;3112.4071;3112.2244;1728.4799;1844.6079;1744.3244;1744.3848;3143.8945;1737.3437;2.1176;3176.7966;1732.2424;2.1301;3121.2579;1742.4904;2.1051;2976.5716;1798.4955;1.9761
1743.2;2.1334;1.8752;2.0951;2.095;3177.4209;3035.0852;3094.4493;3094.3443;1697.8411;1810.7894;1713.266;1713.2997;3124.3865;1706.0796;2.1131;3156.5636;1701.0788;2.1256;3102.2782;1711.1248;2.1007;2963.4144;1765.8881;1.9723
1743.3524;2.1325;1.879;2.095;2.095;3158.8179;3005.7383;3075.3132;3075.3061;1686.7559;1796.5924;1701.7859;1701.7868;3103.971;1694.969;2.1119;3136.4366;1690.1041;2.124;3081.5316;1699.8762;2.0997;2939.7211;1752.6627;1.9751
1743.5048;2.1279;1.8773;2.0907;2.0908;3139.1337;2976.1211;3054.6343;3054.69;1683.3674;1792.4082;1698.3006;1698.2863;3084.2927;1691.7572;2.1069;3117.1667;1686.9211;2.119;3061.4853;1696.6352;2.0948;2916.6443;1748.8566;1.9716
1743.6572;2.1188;1.8644;2.0811;2.0811;3099.3181;2918.8985;3009.4305;3009.4824;1679.8554;1791.0387;1695.0238;1695.0107;3040.954;1688.5066;2.0974;3076.1554;1683.6045;2.1096;3016.3292;1693.4518;2.0852;2855.272;1746.3574;1.9607
1743.8096;2.1115;1.8457;2.0721;2.072;3084.1415;2902.5966;2990.4963;2990.4262;1674.3616;1790.7115;1690.2028;1690.2142;3023.878;1682.9021;2.0901;3060.0686;1677.7777;2.1029;2998.6249;1688.0737;2.0773;2833.9306;1744.0495;1.9462
1743.962;2.1094;1.8364;2.0689;2.0688;3084.2777;2910.4049;2989.7771;2989.6005;1668.8369;1788.9221;1685.1143;1685.176;3024.4698;1677.208;2.0884;3060.9375;1671.9515;2.1016;2999.1327;1682.5143;2.0753;2833.8408;1740.4916;1.9393
1744.1144;2.1081;1.8329;2.0673;2.067;3085.8581;2916.9743;2992.1972;2991.8224;1663.2509;1783.7381;1679.5931;1679.7115;3026.7818;1671.6281;2.0872;3062.874;1666.3487;2.1004;3001.7603;1676.958;2.0739;2839.5676;1735.2888;1.9368
1744.2668;2.1039;1.8283;2.063;2.0627;3085.7716;2921.7906;2993.6335;2993.1483;1658.6793;1779.2292;1675.0322;1675.1814;3027.3491;1667.07;2.0829;3062.9335;1661.7825;2.0961;3002.7319;1672.4083;2.0696;2844.2227;1730.7829;1.9323
1744.4192;2.0999;1.8229;2.0587;2.0584;3087.5615;2929.8441;2997.3515;2996.8927;1656.0956;1777.6533;1672.5511;1672.6999;3030.1493;1664.6898;2.0783;3065.1339;1659.3826;2.0917;3006.0127;1670.0484;2.065;2851.637;1728.5579;1.9276
1744.5716;2.0985;1.8185;2.057;2.0566;3091.3288;2938.615;3001.2202;3000.7943;1655.0444;1777.7723;1671.6573;1671.8019;3034.1819;1663.4782;2.0772;3069.0069;1658.1077;2.0907;3010.2275;1668.9011;2.0637;2858.201;1728.357;1.9242
1744.724;2.0968;1.8159;2.0551;2.0548;3091.8264;2940.5163;3002.0213;3001.6164;1655.8387;1779.2814;1672.5407;1672.6766;3035.0763;1664.3128;2.0754;3069.7798;1658.918;2.089;3011.2276;1669.7606;2.0619;2860.2778;1729.4905;1.9219
1744.8764;2.0946;1.8129;2.0528;2.0524;3087.9192;2935.8464;2997.7893;2997.4018;1656.7216;1780.7367;1673.4945;1673.6256;3030.8251;1665.2932;2.0731;3065.712;1659.8743;2.0867;3006.8407;1670.7656;2.0595;2854.6577;1730.765;1.9192
1745.0288;2.0933;1.8121;2.0516;2.0512;3084.4333;2930.6117;2994.2124;2993.8374;1657.1987;1781.1555;1673.966;1674.0924;3027.0515;1665.7769;2.0716;3061.9429;1660.3588;2.0852;3003.0516;1671.2484;2.0581;2851.028;1731.1514;1.9181
1745.1812;2.0926;1.8123;2.051;2.0507;3080.87;2924.362;2990.3402;2989.9609;1657.985;1781.6166;1674.7129;1674.8394;3023.1861;1666.6696;2.0709;3058.2416;1661.2642;2.0844;2999.0403;1672.1281;2.0574;2845.5379;1731.809;1.9181
1745.3336;2.0911;1.8098;2.0494;2.0491;3076.6794;2919.1495;2985.6028;2985.2103;1656.8855;1781.0385;1673.6769;1673.8083;3018.6019;1665.6187;2.0695;3053.8458;1660.1934;2.0831;2994.319;1671.0976;2.056;2839.873;1731.0334;1.9161
1745.486;2.0871;1.8029;2.045;2.0446;3065.1342;2905.5967;2972.9354;2972.5314;1652.7644;1778.2901;1669.7218;1669.8565;3007.3939;1661.6093;2.0653;3042.96;1656.1335;2.079;2982.8865;1667.1398;2.0516;2826.9184;1727.709;1.9103
1745.6384;2.0864;1.8004;2.0439;2.0436;3051.9432;2885.0103;2957.0942;2956.6758;1649.1986;1775.2751;1666.2183;1666.3521;2991.4961;1657.9059;2.0646;3028.0728;1652.4054;2.0783;2966.2154;1663.4617;2.0508;2803.6633;1724.4687;1.9082
1745.7908;2.0876;1.8024;2.0453;2.045;3063.4291;2903.3427;2970.5761;2970.1855;1649.2469;1775.0049;1666.2293;1666.3595;3004.592;1657.8047;2.0658;3040.4152;1652.3207;2.0796;2979.9007;1663.3436;2.0521;2822.3685;1724.1243;1.91
1745.9432;2.0895;1.8052;2.0473;2.047;3072.6654;2916.6541;2981.0394;2980.6611;1651.6551;1776.9549;1668.5836;1668.7105;3014.6493;1660.3144;2.0679;3050.055;1654.846;2.0816;2990.281;1665.8375;2.0542;2835.3352;1726.4422;1.9125
1746.0956;2.0908;1.8076;2.0488;2.0485;3078.8784;2924.8461;2988.0023;2987.6272;1653.7162;1778.5683;1670.5924;1670.7185;3021.2283;1662.3257;2.0691;3056.3474;1656.8738;2.0827;2997.0746;1667.8318;2.0555;2843.9049;1728.2087;1.9144
1746.248;2.0953;1.8136;2.0535;2.0532;3084.5485;2928.5835;2993.2495;2992.9052;1658.7026;1782.8597;1675.4967;1675.6124;3026.7122;1667.1848;2.0739;3061.924;1661.7607;2.0874;3002.47;1672.6623;2.0603;2848.3558;1732.7334;1.9199
1746.4004;2.1;1.8218;2.0588;2.0585;3089.1039;2928.7484;2997.3093;2997.0333;1668.0459;1790.8621;1684.685;1684.7737;3031.103;1676.4354;2.0787;3066.6043;1671.0561;2.0921;3006.5941;1681.8669;2.0653;2849.2686;1741.3366;1.9266
1746.5528;2.1033;1.8308;2.0628;2.0627;3095.356;2930.4995;3004.4249;3004.2223;1675.4897;1795.7731;1691.8283;1691.8978;3036.7574;1684.0449;2.0818;3071.9658;1678.7611;2.0949;3012.391;1689.3789;2.0686;2856.2436;1747.4185;1.9335
1746.7052;2.1033;1.8321;2.063;2.0629;3105.7356;2948.8944;3017.1644;3016.9404;1676.9118;1796.8711;1693.1816;1693.2504;3048.3883;1685.5964;2.0817;3082.7639;1680.3364;2.0948;3024.667;1690.9061;2.0687;2874.0608;1748.5641;1.9345
1746.8576;2.1014;1.8265;2.0606;2.0604;3104.54;2949.5805;3015.4896;3015.2281;1673.9931;1795.5412;1690.4974;1690.589;3048.5774;1682.9337;2.08;3083.0251;1677.6022;2.0932;3024.8505;1688.3165;2.0667;2874.2826;1747.0146;1.9302
1747.01;2.0983;1.8178;2.0566;2.0564;3086.8394;2929.2483;2995.1844;2994.8336;1661.4122;1784.8755;1678.127;1678.2427;3028.8691;1670.0063;2.077;3064.1729;1664.6049;2.0905;3004.5412;1675.4606;2.0635;2849.6796;1735.2565;1.9237
1747.1624;2.0919;1.8085;2.0498;2.0495;3080.1064;2925.9744;2989.1139;2988.7149;1654.3541;1779.3021;1671.2436;1671.3786;3022.4074;1662.9341;2.0703;3057.5471;1657.4823;2.084;2998.2411;1668.4401;2.0567;2845.008;1728.8386;1.9155
1747.3148;2.0867;1.8014;2.0443;2.044;3077.5811;2927.6285;2987.5031;2987.0991;1651.8333;1777.9199;1668.8547;1668.9942;3020.5454;1660.5041;2.0649;3055.4534;1655.0077;2.0786;2996.5842;1666.0556;2.0512;2845.0593;1726.9737;1.909
1747.4672;2.0846;1.8002;2.0424;2.0421;3076.4261;2927.3884;2987.1545;2986.7763;1649.3594;1774.9277;1666.3212;1666.4515;3019.2176;1658.1477;2.0626;3053.7671;1652.6677;2.0763;2995.5192;1663.6825;2.0489;2847.1302;1724.2617;1.9074
1747.6196;2.0838;1.8;2.0417;2.0413;3077.2896;2931.0814;2989.053;2988.6885;1644.4573;1769.3671;1661.3339;1661.4611;3020.7833;1653.3193;2.0616;3054.982;1647.8648;2.0753;2997.3504;1658.8284;2.048;2850.9548;1719.0717;1.907
1747.772;2.0826;1.7971;2.0403;2.0399;3073.3937;2929.1209;2985.3799;2984.9643;1635.402;1760.4515;1652.2898;1652.4343;3017.3743;1644.2613;2.0606;3051.4395;1638.8035;2.0744;2994.0656;1649.7739;2.0469;2849.0579;1710.1218;1.905
1747.9244;2.0766;1.7893;2.0339;2.0335;3061.8324;2917.0294;2973.6675;2973.2112;1628.233;1754.125;1645.2157;1645.3766;3005.1079;1637.0277;2.0543;3039.3178;1631.5435;2.0682;2981.6974;1642.5675;2.0405;2835.9418;1703.1785;1.8978
1748.0768;2.0734;1.7845;2.0305;2.0301;3053.1132;2907.7007;2964.3837;2963.9263;1624.4464;1751.3061;1641.5425;1641.704;2996.4695;1633.451;2.0508;3030.8787;1627.9361;2.0648;2972.9191;1639.0224;2.0369;2826.1547;1699.9853;1.8934
1748.2292;2.0755;1.7882;2.0328;2.0325;3041.5725;2885.5696;2950.7477;2950.3333;1620.7007;1745.7082;1637.5591;1637.6983;2983.6396;1629.5903;2.0529;3018.8124;1624.1302;2.0668;2959.4564;1635.1063;2.0391;2806.9963;1695.4824;1.8964
1748.3816;2.0805;1.7979;2.0385;2.0382;3041.4355;2881.2975;2950.4634;2950.0875;1620.5539;1743.7029;1637.1905;1637.3149;2982.218;1629.252;2.0579;3017.5995;1623.8849;2.0715;2957.8105;1634.6726;2.0443;2802.5207;1693.7071;1.9042
1748.534;2.0846;1.8031;2.0428;2.0425;3056.1488;2899.9482;2966.341;2965.9797;1625.9229;1747.923;1642.4319;1642.5483;2998.1678;1634.6095;2.0623;3032.9482;1629.2698;2.0758;2974.2219;1640.0021;2.0487;2823.3043;1698.777;1.9094
1748.6864;2.0856;1.803;2.0437;2.0433;3060.297;2905.0067;2970.0292;2969.6382;1631.0532;1754.1478;1647.6946;1647.8282;3002.5085;1639.7428;2.0635;3037.4492;1634.3622;2.0771;2978.4626;1645.1769;2.0499;2826.6802;1704.5469;1.9096
1748.8388;2.0868;1.8033;2.0447;2.0444;3060.9192;2904.6615;2969.8317;2969.3919;1633.2165;1757.057;1649.9574;1650.1028;3002.859;1641.8196;2.0649;3038.068;1636.4164;2.0786;2978.6231;1647.2766;2.0513;2824.9918;1706.9974;1.9102
1748.9912;2.088;1.8026;2.0456;2.0453;3061.2142;2905.1001;2969.2597;2968.8171;1633.1922;1757.6636;1650.0074;1650.1536;3002.943;1641.889;2.0662;3038.383;1636.4575;2.08;2978.5481;1647.3749;2.0525;2823.7606;1707.5909;1.9103
1749.1436;2.0883;1.8033;2.046;2.0457;3055.7218;2896.8485;2963.2015;2962.7931;1627.8768;1751.7632;1644.6141;1644.7497;2997.7611;1636.5098;2.0667;3033.3902;1631.1028;2.0804;2973.2156;1641.971;2.0529;2816.9926;1701.918;1.9109
1749.296;2.0865;1.8003;2.044;2.0437;3035.5154;2866.4465;2939.8277;2939.4043;1621.4231;1745.5374;1638.189;1638.3217;2975.0937;1629.9576;2.0647;3011.7972;1624.5486;2.0784;2949.7021;1635.421;2.0509;2786.4991;1695.3897;1.9083
1749.4484;2.0844;1.7992;2.042;2.0417;3026.8941;2854.0356;2931.4341;2931.0295;1618.8331;1742.3904;1635.5126;1635.6404;2966.5075;1627.3628;2.0625;3003.4653;1621.9648;2.0762;2940.9039;1632.8152;2.0487;2774.7046;1692.6337;1.9065
1749.6008;2.0794;1.7999;2.0379;2.0376;3023.072;2850.2963;2930.2928;2929.9023;1616.6611;1737.7483;1633.0459;1633.1678;2963.065;1625.6235;2.0568;2999.2006;1620.327;2.0702;2937.9991;1630.9722;2.0433;2776.65;1688.9896;1.9053
1749.7532;2.076;1.8007;2.0353;2.035;3021.1652;2848.8483;2930.313;2929.9228;1613.9912;1732.7092;1630.0814;1630.2023;2961.1149;1623.1104;2.0528;2996.5559;1617.8996;2.066;2936.5161;1628.372;2.0395;2780.1154;1684.9806;1.9046
1749.9056;2.0757;1.8045;2.0354;2.0352;3022.2386;2850.0123;2933.9624;2933.625;1612.5796;1729.5286;1628.4366;1628.5404;2963.5152;1621.827;2.0521;2998.3893;1616.6919;2.0652;2939.2942;1627.0116;2.0391;2784.2486;1682.5262;1.9068
1750.058;2.077;1.8038;2.0364;2.0362;3027.7912;2859.4379;2938.9706;2938.6805;1611.9411;1729.5615;1627.8939;1627.9866;2968.8953;1621.0497;2.0535;3003.6753;1615.8859;2.0666;2944.7886;1626.2633;2.0403;2791.8137;1682.2335;1.9067
1750.2104;2.0825;1.8026;2.0409;2.0407;3033.8951;2867.7245;2942.0028;2941.7157;1612.8824;1733.6741;1629.2257;1629.3149;2974.4684;1621.6545;2.06;3010.0529;1616.3723;2.0734;2949.8534;1626.9888;2.0465;2793.0473;1684.9669;1.9081
1750.3628;2.0854;1.7999;2.043;2.0427;3036.3173;2871.2892;2942.4275;2942.1277;1613.9163;1737.2846;1630.583;1630.6788;2976.8204;1622.4719;2.0635;3013.0428;1617.0919;2.0772;2951.7981;1627.9057;2.0497;2791.2412;1687.4716;1.9075
1750.5152;2.0866;1.8015;2.0443;2.0441;3036.1057;2869.3887;2941.6506;2941.35;1614.6869;1737.5758;1631.3079;1631.4026;2976.2028;1623.1964;2.0648;3012.5627;1617.8232;2.0785;2951.0717;1628.6234;2.0511;2789.9925;1688.1294;1.9089
1750.6676;2.0878;1.8085;2.0463;2.0461;3034.6092;2863.0247;2941.0386;2940.7582;1616.2498;1736.7365;1632.538;1632.6256;2974.625;1624.8533;2.0656;3010.8125;1619.5864;2.079;2949.538;1630.1718;2.0521;2788.1445;1688.0842;1.9137
1750.82;2.0904;1.8142;2.0494;2.0492;3034.6408;2859.677;2940.9981;2940.7383;1619.1744;1737.9125;1635.2896;1635.3673;2974.2373;1627.7707;2.0682;3010.5334;1622.5586;2.0815;2949.0182;1633.0334;2.0549;2785.9605;1690.1876;1.9183
1750.9724;2.091;1.8149;2.05;2.0498;3037.5482;2863.4014;2944.1121;2943.8815;1620.4524;1739.5801;1636.5722;1636.6429;2977.3061;1629.1233;2.0689;3013.4987;1623.914;2.0822;2952.1689;1634.383;2.0556;2789.8256;1691.5479;1.9191
1751.1248;2.0866;1.807;2.0451;2.0449;3037.5402;2867.6211;2944.4157;2944.1777;1619.9215;1740.7686;1636.2845;1636.3595;2978.0092;1628.612;2.0646;3014.0061;1623.3236;2.0781;2953.0762;1633.9526;2.0511;2793.275;1692.0962;1.9126
1751.2772;2.0819;1.7993;2.0399;2.0397;3040.4717;2877.6678;2948.7741;2948.5307;1619.6191;1742.1298;1636.1773;1636.2557;2979.8026;1628.4234;2.0595;3015.2847;1623.0706;2.0731;2955.3071;1633.8297;2.0459;2800.0481;1692.6835;1.906
1751.4296;2.0817;1.7958;2.0394;2.0392;3056.7961;2907.2511;2967.3823;2967.129;1618.5528;1742.5109;1635.3272;1635.4148;3000.6098;1627.3009;2.0597;3035.1606;1621.8859;2.0735;2976.9147;1632.7705;2.0459;2828.2981;1692.6817;1.9037
1751.582;2.0826;1.7946;2.0397;2.0395;3033.7431;2869.3811;2939.1572;2938.85;1614.9952;1739.8651;1631.8403;1631.9398;2974.1179;1623.5881;2.0605;3010.4589;1618.1509;2.0744;2949.036;1629.0805;2.0466;2788.8932;1689.4006;1.9032
1751.7344;2.0835;1.7961;2.0408;2.0406;3021.0414;2847.8748;2924.2477;2923.9399;1611.8495;1735.9823;1628.607;1628.7047;2959.9194;1620.4212;2.0616;2997.1031;1615.0083;2.0754;2934.1594;1625.8889;2.0478;2767.7934;1685.9433;1.9045
1751.8868;2.0831;1.7956;2.0404;2.0402;3019.7726;2846.3302;2922.8917;2922.5941;1610.3684;1734.54;1627.1294;1627.2197;2958.471;1618.8806;2.0612;2995.68;1613.4684;2.0751;2932.6919;1624.3476;2.0474;2766.2512;1684.3938;1.904
1752.0392;2.0826;1.7947;2.0398;2.0396;3021.2789;2849.7717;2924.8679;2924.6102;1609.7874;1734.0418;1626.5599;1626.6399;2960.2648;1618.3643;2.0606;2997.3064;1612.9466;2.0745;2934.6224;1623.8369;2.0467;2769.4057;1683.953;1.9032
1752.1916;2.0811;1.7925;2.0383;2.0381;3024.847;2858.0873;2929.6014;2929.3544;1607.7536;1732.433;1624.571;1624.6505;2964.5181;1616.3697;2.0593;3001.1529;1610.9422;2.0732;2939.2062;1621.8524;2.0454;2776.9771;1682.0832;1.9015
1752.344;2.0784;1.7885;2.0354;2.0351;3029.5061;2869.1005;2935.7606;2935.4884;1606.9664;1732.3377;1623.8723;1623.9595;2970.0402;1615.5137;2.0563;3006.1339;1610.0544;2.0703;2945.175;1621.0289;2.0423;2787.0455;1681.6472;1.8977
1752.4964;2.0789;1.7894;2.0359;2.0357;3033.4449;2874.3764;2940.1924;2939.905;1608.8041;1734.1879;1625.7165;1625.812;2974.2088;1617.4315;2.0569;3010.1319;1611.976;2.0708;2949.472;1622.9428;2.0429;2792.3698;1683.488;1.8986
1752.6488;2.0791;1.7925;2.0366;2.0363;3033.722;2873.1681;2941.1514;2940.8691;1610.7493;1734.6711;1627.4768;1627.5684;2974.7792;1619.4204;2.0568;3010.531;1614.006;2.0706;2950.1422;1624.8897;2.043;2793.8202;1684.7828;1.9003
1752.8012;2.0792;1.7995;2.0377;2.0375;3030.7853;2865.0546;2939.5159;2939.2774;1612.9021;1733.4041;1629.214;1629.2885;2971.5739;1621.7515;2.0565;3007.0176;1616.4654;2.07;2947.06;1627.0895;2.0431;2791.078;1684.9783;1.905
1752.9536;2.0783;1.7961;2.0365;2.0363;3031.7473;2867.5065;2940.2868;2940.0589;1614.9065;1737.0375;1631.4237;1631.4955;2972.3634;1623.8389;2.0556;3007.843;1618.5011;2.0692;2947.8534;1629.2298;2.042;2792.1531;1687.8335;1.9027
1753.106;2.08;1.7942;2.0375;2.0373;3038.0264;2876.7494;2945.2561;2945.0733;1617.7912;1742.3268;1634.6043;1634.6657;2978.7662;1626.4283;2.0577;3014.5607;1621.0041;2.0715;2954.085;1631.9074;2.044;2797.2799;1691.8716;1.9016
1753.2584;2.0839;1.7962;2.0412;2.0411;3040.5946;2876.8723;2946.3162;2946.1708;1624.0088;1748.5894;1640.8473;1640.8913;2980.7835;1632.4746;2.0619;3017.0089;1627.0255;2.0757;2955.7909;1637.9787;2.048;2796.5846;1698.4272;1.9048
1753.4108;2.0892;1.8068;2.0473;2.0472;3041.4675;2872.0592;2946.4918;2946.3929;1626.306;1748.9992;1642.9032;1642.9338;2980.9869;1634.9744;2.0674;3017.5171;1629.6175;2.081;2955.6914;1640.3844;2.0538;2793.3086;1699.5684;1.9133
1753.5632;2.0926;1.8135;2.0511;2.0511;3048.5972;2879.6751;2955.1779;2955.0862;1625.6541;1746.6109;1642.035;1642.0643;2988.18;1634.1553;2.0707;3024.2697;1628.8705;2.0841;2963.1825;1639.4919;2.0572;2802.437;1697.7227;1.9185
1753.7156;2.0944;1.8166;2.0532;2.0531;3072.1642;2917.1824;2982.7153;2982.6231;1628.6392;1748.6496;1644.9081;1644.9378;3014.5796;1637.1072;2.0727;3049.1636;1631.8505;2.0861;2990.7601;1642.4151;2.0593;2840.2594;1700.3066;1.9214
1753.868;2.0926;1.8165;2.0516;2.0516;3077.3595;2925.6926;2989.5185;2989.4753;1632.6373;1752.0207;1648.8399;1648.8569;3020.6358;1641.2054;2.0707;3054.6624;1635.9589;2.084;2997.2344;1646.5025;2.0574;2850.788;1704.0941;1.9206
1754.0204;2.0866;1.8152;2.0463;2.0463;3073.9116;2922.6411;2989.0174;2989.0049;1633.3039;1751.4358;1649.348;1649.3521;3018.0011;1642.4281;2.064;3051.149;1637.2439;2.0771;2995.206;1647.6618;2.0509;2853.5679;1704.0183;1.9175
1754.1728;2.0843;1.8134;2.0441;2.0442;3071.1129;2920.7255;2986.8018;2986.818;1628.5529;1745.8203;1644.477;1644.4708;3014.9884;1637.6204;2.0613;3047.81;1632.4682;2.0743;2992.4245;1642.8216;2.0482;2853.4797;1698.7016;1.9157
1754.3252;2.0871;1.8122;2.0463;2.0463;3071.3616;2922.7076;2985.8335;2985.8685;1621.9132;1740.4661;1637.9988;1637.9872;3015.487;1630.7865;2.0645;3048.7169;1625.5823;2.0777;2992.6723;1636.041;2.0512;2851.1388;1692.8933;1.9158
1754.4776;2.0885;1.8117;2.0474;2.0475;3067.6249;2918.0385;2980.422;2980.4576;1616.3841;1735.9365;1632.585;1632.5749;3011.1092;1625.0634;2.0664;3044.8781;1619.8329;2.0798;2987.9149;1630.3449;2.0531;2843.2714;1687.7324;1.9158
1754.63;2.0861;1.8054;2.0444;2.0444;3061.7619;2912.3067;2973.8394;2973.8383;1613.6776;1734.4392;1630.0182;1630.0183;3005.1572;1622.3129;2.064;3039.2537;1617.0337;2.0775;2981.7454;1627.6442;2.0505;2835.5077;1685.72;1.9117
1754.7824;2.0779;1.7992;2.0365;2.0365;3055.8367;2908.5152;2970.1016;2970.0924;1611.1357;1731.3647;1627.4175;1627.4205;2999.5971;1620.1775;2.0551;3032.954;1614.9108;2.0685;2976.7229;1625.4962;2.0417;2835.3687;1683.0819;1.9043
1754.9348;2.0754;1.7967;2.034;2.034;3054.0517;2908.5064;2969.1033;2969.1166;1609.3652;1729.6693;1625.6549;1625.6519;2997.9858;1618.3586;2.0523;3031.0246;1613.0901;2.0657;2975.3576;1623.6791;2.0388;2836.6923;1681.175;1.9018
1755.0872;2.0766;1.8001;2.0356;2.0357;3052.1346;2902.2713;2966.6196;2966.7155;1612.0843;1731.5495;1628.2708;1628.2394;2995.837;1621.0312;2.0535;3029.1723;1615.7895;2.0668;2972.9484;1626.3242;2.0402;2831.345;1683.4798;1.904
1755.2396;2.0813;1.8036;2.0401;2.0402;3048.296;2891.435;2960.1257;2960.263;1615.1628;1735.0294;1631.408;1631.3636;2990.6148;1624.1156;2.0584;3024.8701;1618.8728;2.0717;2967.0089;1629.4098;2.045;2819.1082;1686.663;1.9085
1755.392;2.0827;1.8035;2.0413;2.0414;3044.3877;2883.9423;2954.2609;2954.3965;1615.9435;1736.4555;1632.2605;1632.2165;2985.8205;1624.7544;2.0602;3020.7308;1619.4745;2.0737;2961.7341;1630.0861;2.0468;2809.8469;1687.9854;1.9088
1755.5444;2.0795;1.8005;2.0381;2.0382;3037.4275;2874.2069;2947.001;2947.0985;1616.5704;1737.5971;1632.9847;1632.9548;2978.8562;1625.4913;2.0569;3013.9838;1620.2059;2.0703;2954.5872;1630.8287;2.0434;2800.7079;1688.6954;1.9057
1755.6968;2.0718;1.7863;2.0294;2.0294;3026.6375;2865.1497;2934.9989;2935.0102;1615.1259;1739.0146;1631.8636;1631.8576;2967.356;1624.3782;2.0491;3002.9025;1618.9465;2.0628;2942.8396;1629.8652;2.0353;2787.6693;1689.6291;1.894
1755.8492;2.0673;1.7779;2.0243;2.0243;3020.2595;2862.3459;2928.5296;2928.5065;1606.9301;1732.9801;1623.933;1623.9434;2961.2287;1616.0227;2.0444;2996.7275;1610.5411;2.0583;2936.7974;1621.5607;2.0304;2783.0218;1682.0077;1.8871
1756.0016;2.0682;1.7788;2.0252;2.0252;3017.7757;2856.3782;2925.4026;2925.3956;1605.1259;1730.3204;1621.9847;1621.9768;2958.238;1614.005;2.0451;2993.9532;1608.5269;2.059;2933.6395;1619.5395;2.0311;2778.363;1680.0032;1.8875
1756.154;2.0767;1.7945;2.0348;2.0348;3021.0286;2854.533;2928.5559;2928.657;1605.4375;1727.1124;1621.9514;1621.9254;2961.1603;1614.3564;2.0538;2996.9938;1609.0386;2.0674;2936.3686;1619.7263;2.0402;2778.4383;1678.1323;1.9007
1756.3064;2.082;1.8067;2.0411;2.0412;3033.6641;2866.4281;2943.7982;2943.9784;1607.3142;1725.4704;1623.2661;1623.2098;2973.8546;1616.0904;2.0591;3008.8514;1610.9123;2.0723;2949.6275;1621.3185;2.0458;2796.0005;1677.8327;1.9103
1756.4588;2.0822;1.8073;2.0413;2.0415;3047.2831;2889.8208;2959.8218;2959.993;1610.5999;1728.7188;1626.6417;1626.5865;2990.6086;1619.5435;2.0594;3024.5791;1614.3623;2.0726;2967.1896;1624.7748;2.0462;2820.7217;1681.202;1.9112
1756.6112;2.0792;1.7991;2.0376;2.0377;3025.4352;2855.5443;2932.7759;2932.9499;1613.0913;1734.1091;1629.4765;1629.4214;2965.6463;1621.9266;2.0564;3001.47;1616.6321;2.0699;2940.8337;1627.2736;2.0429;2782.7126;1685.2841;1.9046
1756.7636;2.0769;1.796;2.0352;2.0353;3014.5243;2839.05;2920.531;2920.7577;1613.6847;1735.4169;1630.1598;1630.0921;2953.7266;1622.7541;2.0542;2990.2867;1617.4286;2.0678;2928.3426;1628.1325;2.0407;2764.2984;1686.5361;1.9019
1756.916;2.0756;1.797;2.0342;2.0345;3012.8502;2837.8513;2920.121;2920.417;1610.1465;1730.2931;1626.4197;1626.326;2952.2963;1619.1526;2.0524;2988.4156;1613.887;2.0658;2927.2126;1624.4701;2.0389;2766.1165;1681.9394;1.902
1757.0684;2.0785;1.8036;2.0377;2.038;3007.6713;2825.6756;2914.2397;2914.6298;1607.4966;1725.4799;1623.4975;1623.3822;2946.6233;1616.5126;2.0555;2983.0425;1611.3266;2.0687;2921.249;1621.749;2.0422;2757.2721;1678.2104;1.9071
1757.2208;2.0816;1.8044;2.0404;2.0407;3005.0652;2820.7766;2909.9206;2910.3237;1604.6046;1723.5964;1620.7287;1620.6116;2942.9456;1613.5322;2.0586;2979.9714;1608.3308;2.072;2917.121;1618.7845;2.0453;2748.8668;1675.5775;1.909
1757.3732;2.0839;1.803;2.0422;2.0425;3014.6336;2837.142;2918.8135;2919.1625;1603.8653;1724.3785;1620.1699;1620.0627;2952.9907;1612.4754;2.0617;2989.8844;1607.2056;2.0753;2927.3542;1617.7975;2.0482;2761.9825;1675.8025;1.9089
1757.5256;2.0837;1.8032;2.042;2.0423;3019.2573;2843.6045;2924.7097;2925.0524;1605.1792;1725.3254;1621.4782;1621.3772;2958.4939;1613.8989;2.0611;2995.0245;1608.6292;2.0747;2933.1369;1619.2207;2.0476;2769.8167;1677.126;1.9086
1757.678;2.089;1.8157;2.0484;2.0487;3021.9737;2841.5405;2928.2314;2928.6299;1607.9618;1724.666;1623.7621;1623.6449;2961.0518;1616.4927;2.0666;2997.4836;1611.368;2.0798;2935.6674;1621.6665;2.0534;2770.8282;1677.647;1.9186
1757.8304;2.0941;1.8224;2.0537;2.0541;3028.1547;2844.9674;2933.574;2934.0291;1614.6046;1730.6796;1630.3897;1630.2578;2966.7071;1623.1332;2.0718;3003.3379;1618.0281;2.0849;2941.153;1628.287;2.0587;2775.0438;1684.026;1.9246
1757.9828;2.096;1.8244;2.0556;2.056;3030.0288;2845.7973;2934.8867;2935.3743;1616.893;1733.257;1632.6869;1632.5468;2968.6778;1625.5517;2.074;3005.4901;1620.4495;2.0871;2942.9824;1630.7024;2.0609;2775.4173;1686.4526;1.9269
1758.1352;2.0937;1.8171;2.0526;2.0529;3026.6107;2844.2616;2930.305;2930.7829;1615.0427;1733.5489;1631.1215;1630.9822;2964.8857;1623.6047;2.0717;3001.9619;1618.4105;2.085;2939.055;1628.8492;2.0584;2771.1784;1685.9042;1.9214
1758.2876;2.0907;1.8139;2.0496;2.0499;3025.5749;2844.6856;2929.672;2930.1608;1614.4578;1733.2953;1630.5891;1630.4459;2963.9009;1623.0351;2.0687;3000.9125;1617.8211;2.0821;2938.1301;1628.2998;2.0554;2770.7265;1685.5674;1.9181
1758.44;2.089;1.8139;2.0482;2.0485;3028.8698;2851.5521;2935.2147;2935.738;1614.8143;1732.9408;1630.8261;1630.6683;2968.1333;1623.5194;2.0666;3004.3761;1618.3433;2.0798;2942.9242;1628.7455;2.0533;2780.4354;1685.3457;1.9177
1758.5924;2.0896;1.8181;2.0492;2.0497;3038.0356;2864.6932;2946.6375;2947.2013;1617.2981;1733.9638;1633.153;1632.984;2978.1501;1626.067;2.067;3013.7619;1620.9412;2.0801;2953.3998;1631.2416;2.0539;2794.1692;1687.0884;1.9201
1758.7448;2.0945;1.8234;2.0542;2.0547;3063.8354;2900.6113;2974.678;2975.2783;1628.3782;1744.948;1644.2303;1644.0406;3005.2319;1636.5395;2.0722;3039.6636;1631.4102;2.0852;2981.4168;1641.7174;2.0591;2831.3406;1697.6759;1.9256
1758.8972;2.1016;1.8262;2.0607;2.0612;3091.7649;2935.8447;3001.7283;3002.3417;1652.4186;1772.6372;1668.7415;1668.5428;3034.1901;1660.8812;2.0802;3068.9181;1655.6122;2.0934;3010.2463;1666.2008;2.0669;2858.3968;1724.2471;1.93
1759.0496;2.1076;1.8323;2.0667;2.0673;3106.342;2952.2622;3016.0943;3016.7252;1662.2287;1782.5867;1678.5809;1678.3755;3049.1102;1670.6471;2.0866;3083.7361;1665.3589;2.0999;3025.2668;1675.986;2.0734;2874.5725;1734.4439;1.936
1759.202;2.1128;1.8404;2.0723;2.0728;3116.3144;2961.9864;3026.4381;3027.1005;1668.4977;1787.6834;1684.7075;1684.493;3059.3483;1676.7056;2.092;3093.9286;1671.4705;2.1051;3035.5089;1681.9902;2.0789;2883.9525;1739.7864;1.943
1759.3544;2.118;1.8483;2.0779;2.0785;3139.8872;2993.6307;3052.5967;3053.2648;1677.377;1795.5857;1693.4723;1693.2498;3083.4833;1685.5283;2.0974;3117.1683;1680.3292;2.1104;3060.3278;1690.7759;2.0844;2914.3374;1748.1266;1.9498
1759.5068;2.1241;1.8575;2.0845;2.085;3171.4665;3038.5384;3088.3516;3089.0274;1683.6539;1800.3413;1699.566;1699.3302;3118.2674;1691.7088;2.1037;3150.3949;1686.5661;2.1166;3096.3123;1696.8988;2.0909;2960.1023;1753.5784;1.9579
1759.6592;2.1279;1.8633;2.0886;2.0892;3174.338;3039.733;3091.0202;3091.7225;1685.1833;1801.0627;1700.9975;1700.7551;3121.7588;1693.2856;2.1076;3153.9395;1688.1833;2.1204;3099.741;1698.4345;2.0949;2962.5558;1754.6079;1.9628
1759.8116;2.1282;1.8636;2.0889;2.0895;3163.5854;3022.2068;3078.3478;3079.0737;1683.8068;1799.2453;1699.5559;1699.3127;3109.3723;1691.8791;2.1082;3142.2874;1686.7886;2.1209;3086.7703;1697.016;2.0955;2944.5483;1753.0984;1.9636
1759.964;2.1207;1.8523;2.0808;2.0814;3152.4456;3012.1576;3066.9949;3067.6804;1677.8443;1795.3244;1693.8498;1693.6178;3097.9748;1686.0748;2.1001;3130.9366;1680.9053;2.113;3075.3781;1691.2922;2.0872;2933.9896;1748.2892;1.9533
1760.1164;2.1097;1.8362;2.069;2.0696;3125.2077;2981.5884;3038.1484;3038.7833;1664.2838;1783.8912;1680.5447;1680.3287;3070.9687;1672.8037;2.089;3104.5025;1667.5537;2.1022;3047.9691;1678.1035;2.0758;2903.8784;1736.0542;1.9396
1760.2688;2.0964;1.8198;2.0553;2.0558;3073.9332;2911.1893;2982.0916;2982.7295;1649.3083;1770.2681;1665.7222;1665.5185;3015.6752;1657.9742;2.0749;3051.0749;1652.6695;2.0882;2991.2094;1663.3302;2.0615;2835.1705;1721.7527;1.924
1760.4212;2.0936;1.8169;2.0525;2.053;3061.2287;2893.1195;2968.4475;2969.0939;1644.2573;1765.2086;1660.6567;1660.4556;3001.4472;1652.986;2.0717;3037.2267;1647.6939;2.085;2976.6643;1658.3294;2.0584;2818.1034;1716.4801;1.9212
1760.5736;2.0958;1.8193;2.0547;2.0552;3075.3987;2916.1918;2984.6567;2985.2848;1643.8808;1764.1381;1660.2408;1660.039;3015.9387;1652.4427;2.0737;3050.9543;1647.1549;2.0871;2991.7693;1657.7817;2.0604;2838.7887;1715.942;1.9231
1760.726;2.105;1.8369;2.0651;2.0657;3113.6998;2968.5761;3029.2818;3029.9359;1647.4704;1763.7062;1663.2619;1663.0451;3058.1577;1655.8789;2.0833;3090.8097;1650.7694;2.0962;3035.747;1661.0361;2.0704;2897.1873;1716.8752;1.9379
1760.8784;2.1114;1.8499;2.0725;2.0731;3120.7306;2973.3756;3037.1183;3037.8192;1653.1883;1766.1341;1668.6069;1668.374;3066.3821;1661.7221;2.0898;3098.7575;1656.733;2.1024;3044.1057;1666.7566;2.0772;2905.9763;1720.9705;1.9484
1761.0308;2.1164;1.8587;2.0782;2.0788;3105.1941;2939.6802;3017.9524;3018.7644;1655.5955;1766.4286;1670.7793;1670.5332;3047.6921;1664.0702;2.0949;3081.412;1659.1557;2.1073;3024.2918;1669.0285;2.0825;2876.2209;1722.2747;1.9557
1761.1832;2.1206;1.8621;2.0822;2.0828;3093.4546;2915.8535;3002.0148;3002.8963;1657.1784;1768.3948;1672.3985;1672.1446;3033.8477;1665.4894;2.0993;3069.1867;1660.5675;2.1118;3009.187;1670.4553;2.0869;2849.4224;1723.9655;1.9593
1761.3356;2.1206;1.8612;2.0821;2.0827;3074.6623;2883.0579;2979.0248;2979.9726;1657.6953;1769.6661;1672.9649;1672.7076;3013.5963;1666.0023;2.0998;3050.4439;1661.0662;2.1123;2987.7498;1670.9827;2.0873;2817.3953;1724.7756;1.9592
1761.488;2.1113;1.8461;2.0719;2.0725;3041.5773;2836.0852;2941.0197;2941.9421;1656.9301;1771.9962;1672.6228;1672.3757;2977.1603;1665.4087;2.09;3015.881;1660.3377;2.1027;2949.8923;1670.5269;2.0772;2767.5499;1725.854;1.946
1761.6404;2.1;1.829;2.0597;2.0602;3027.7676;2824.7013;2927.0151;2927.8229;1654.9981;1773.2401;1671.1099;1670.8874;2963.3987;1663.7266;2.0784;3002.3376;1658.525;2.0914;2936.0245;1668.9776;2.0653;2752.9684;1725.9111;1.9313
1761.7928;2.0945;1.8223;2.054;2.0545;3026.0708;2826.9872;2926.5818;2927.3252;1653.8185;1773.0066;1670.0252;1669.8157;2961.3912;1662.6087;2.0722;2999.823;1657.3676;2.0854;2934.423;1667.8999;2.0591;2756.3577;1725.1752;1.9247
1761.9452;2.0996;1.8338;2.0601;2.0606;3038.1342;2840.1264;2940.9413;2941.7124;1655.9024;1771.9759;1671.7105;1671.4983;2974.9311;1664.6745;2.0772;3012.7031;1659.5617;2.0901;2948.3982;1669.835;2.0644;2772.7272;1725.3666;1.9337
1762.0976;2.1129;1.8557;2.0747;2.0753;3052.7746;2849.8951;2956.336;2957.2389;1660.4188;1771.6339;1675.6402;1675.4001;2989.5025;1668.9991;2.0911;3026.9722;1664.0645;2.1036;2963.0983;1673.9779;2.0787;2787.6703;1727.3403;1.9522
1762.25;2.122;1.8641;2.0837;2.0843;3072.4956;2875.0547;2976.0757;2977.0476;1663.9376;1775.022;1679.1388;1678.8792;3009.9085;1672.3048;2.1007;3047.1794;1667.3904;2.1131;2983.6913;1677.2629;2.0882;2809.7353;1730.622;1.9614
1762.4024;2.124;1.8633;2.0853;2.0859;3087.2421;2899.9641;2991.2833;2992.2293;1665.9656;1779.0131;1681.4203;1681.1562;3025.8011;1674.1548;2.1035;3062.6874;1669.166;2.1161;2999.9718;1679.1885;2.0909;2829.6637;1733.7466;1.9614
1762.5548;2.119;1.8516;2.0793;2.0799;3091.0782;2912.2192;2995.7293;2996.6025;1667.4648;1783.8837;1683.3346;1683.0809;3030.6742;1675.6502;2.0984;3067.1885;1670.528;2.1113;3005.2289;1680.8198;2.0855;2839.3993;1737.1417;1.9525
1762.7072;2.114;1.8434;2.0737;2.0743;3094.7167;2924.5389;3001.0162;3001.8133;1667.7376;1785.5558;1683.7965;1683.5515;3034.4574;1676.0752;2.093;3070.4367;1670.8831;2.1061;3009.4749;1681.316;2.08;2848.0348;1738.522;1.9454
1762.8596;2.1127;1.8416;2.0725;2.0731;3103.875;2941.3242;3011.9907;3012.7634;1665.7856;1784.397;1681.8975;1681.655;3046.0847;1674.0728;2.0919;3081.3174;1668.8667;2.105;3021.7121;1679.3284;2.0789;2865.7782;1736.7692;1.9435
1763.012;2.1127;1.8484;2.0733;2.074;3094.0258;2922.4705;3002.6746;3003.5459;1664.6122;1779.7031;1680.3278;1680.0674;3034.7997;1673.0816;2.0912;3070.041;1668.0066;2.104;3010.2978;1678.2034;2.0785;2852.7205;1733.5914;1.9478
1763.1644;2.1131;1.8522;2.0743;2.075;3090.9812;2915.7123;3000.5247;3001.4496;1663.4419;1776.5279;1678.8627;1678.5926;3032.282;1671.9634;2.0917;3067.3749;1666.9615;2.1043;3007.836;1677.0109;2.0791;2849.8358;1731.4456;1.9506
1763.3168;2.1092;1.8442;2.0698;2.0704;3071.4681;2888.8651;2977.2894;2978.1706;1659.9915;1775.0619;1675.6847;1675.4278;3011.4063;1668.4627;2.0877;3047.6842;1663.3845;2.1004;2986.0748;1673.5876;2.0749;2821.3325;1728.9676;1.9441
1763.4692;2.106;1.8346;2.0657;2.0662;3052.1248;2862.0357;2953.9351;2954.7697;1651.6154;1770.2899;1667.742;1667.5118;2989.1883;1660.5758;2.0847;3026.8963;1655.3842;2.0977;2962.8192;1665.8166;2.0716;2789.5757;1722.7865;1.9368
1763.6216;2.1057;1.8337;2.0653;2.0658;3061.566;2888.0016;2967.4954;2968.2419;1629.6152;1746.1836;1645.4733;1645.2502;3000.9891;1638.033;2.0844;3037.1751;1632.9028;2.0975;2975.8379;1643.2119;2.0712;2813.3136;1699.6308;1.936
1763.774;2.1056;1.8354;2.0654;2.066;3064.8189;2895.9571;2972.8939;2973.6422;1619.6441;1734.8254;1635.3248;1635.1006;3006.589;1627.9756;2.0842;3041.9076;1622.91;2.0972;2982.0919;1633.0889;2.0712;2825.3007;1688.6331;1.9372
1763.9264;2.1051;1.8326;2.0646;2.0652;3043.3478;2861.1719;2946.8379;2947.6228;1617.0449;1733.0903;1632.824;1632.5986;2981.8741;1625.2652;2.0837;3018.8009;1620.1685;2.0968;2956.1315;1630.4104;2.0706;2788.7977;1686.4408;1.9353
1764.0788;2.1064;1.8313;2.0655;2.0661;3036.3045;2850.4068;2937.6738;2938.5072;1614.4138;1731.7289;1630.3483;1630.1162;2974.0308;1622.6955;2.0853;3011.7562;1617.5596;2.0985;2947.7017;1627.8806;2.072;2774.7132;1684.5675;1.9349
1764.2312;2.1068;1.8327;2.066;2.0666;3035.888;2851.7446;2937.8617;2938.7183;1604.2751;1720.1395;1620.0251;1619.7823;2973.753;1612.5109;2.0858;3011.2206;1607.4195;2.099;2947.6205;1617.651;2.0725;2776.982;1673.8641;1.9357
1764.3836;2.1052;1.8348;2.0651;2.0658;3035.9202;2856.386;2941.3828;2942.2618;1593.3966;1706.7352;1608.8296;1608.5803;2975.1247;1601.6107;2.0839;3011.5387;1596.6312;2.0969;2949.7458;1606.6372;2.0709;2785.3473;1661.1938;1.937
1764.536;2.1006;1.8348;2.0612;2.0619;3034.4468;2857.3176;2942.4697;2943.3647;1589.2752;1700.4642;1604.4313;1604.1741;2974.0873;1597.6497;2.0786;3009.4714;1592.7452;2.0914;2949.4475;1602.5998;2.0658;2791.6954;1655.9142;1.9348
1764.6884;2.0989;1.8389;2.0602;2.0609;3026.9047;2845.3727;2937.4931;2938.4454;1585.3119;1693.0563;1600.0316;1599.7664;2967.6524;1593.9253;2.0763;3002.669;1589.1384;2.0888;2943.192;1598.7559;2.0637;2785.294;1650.4017;1.9368
1764.8408;2.0979;1.8347;2.0588;2.0594;3020.0381;2837.8748;2928.3078;2929.214;1578.7232;1688.8694;1593.6999;1593.4423;2959.3352;1587.298;2.0755;2994.8634;1582.4675;2.0882;2934.5112;1592.1732;2.0629;2774.9859;1644.3939;1.934
1764.9932;2.0935;1.8212;2.053;2.0537;3019.818;2844.9884;2927.2527;2928.1049;1575.5541;1689.0991;1591.0204;1590.7759;2959.6172;1583.9645;2.0713;2995.4025;1578.9664;2.0844;2934.7415;1589.0103;2.0582;2774.9825;1643.6239;1.9237
1765.1456;2.0904;1.8112;2.0489;2.0495;3022.1673;2854.2904;2928.8725;2929.6567;1573.8819;1690.6953;1589.7361;1589.501;2962.2401;1582.232;2.0684;2998.0719;1577.1118;2.0819;2937.4258;1587.4023;2.055;2779.136;1643.7864;1.9165
1765.298;2.0887;1.8069;2.0468;2.0475;3022.9421;2858.2844;2929.7519;2930.5451;1572.2531;1690.5638;1588.2737;1588.0321;2963.4315;1580.5513;2.0668;2999.2392;1575.377;2.0804;2938.685;1585.7771;2.0532;2781.0094;1642.9414;1.9128
1765.4504;2.088;1.8073;2.0463;2.047;3022.9128;2858.9626;2930.4919;2931.333;1570.5979;1688.4427;1586.5431;1586.2847;2963.5887;1579.0223;2.0661;2999.1314;1573.8772;2.0796;2939.0253;1584.2184;2.0526;2782.8169;1640.9481;1.9131
1765.6028;2.0866;1.8012;2.0442;2.0449;3024.4777;2864.4866;2931.189;2932.0094;1569.7723;1689.6112;1585.9696;1585.7132;2965.1117;1577.9246;2.0648;3000.8359;1572.6928;2.0786;2940.4801;1583.2089;2.051;2784.518;1641.2262;1.9086
1765.7552;2.0854;1.7993;2.0429;2.0435;3025.0848;2865.1286;2931.7817;2932.6006;1575.0757;1695.6676;1591.3873;1591.1306;2965.8031;1583.2866;2.0636;3001.5778;1578.0216;2.0774;2941.1397;1588.6046;2.0498;2784.7659;1646.9783;1.9071
1765.9076;2.0842;1.7976;2.0416;2.0422;3025.0397;2863.668;2931.1721;2931.9627;1582.4289;1704.0115;1598.8689;1598.6206;2965.4008;1590.8023;2.0623;3001.3623;1585.4979;2.0761;2940.5985;1596.1603;2.0485;2783.2061;1654.9768;1.9055
1766.06;2.0846;1.798;2.042;2.0426;3025.6298;2863.4906;2931.5631;2932.3507;1585.4583;1706.9946;1601.898;1601.6495;2965.728;1593.8571;2.0626;3001.7826;1588.5463;2.0764;2940.8515;1599.2215;2.0488;2782.8367;1658.1229;1.9058
1766.2124;2.0873;1.8026;2.045;2.0457;3032.1346;2871.1414;2938.7507;2939.5842;1587.0909;1707.8874;1603.439;1603.1784;2972.7242;1595.4804;2.0655;3008.5519;1590.2043;2.0792;2948.007;1600.8093;2.0518;2791.0058;1659.2583;1.9097
1766.3648;2.0882;1.8068;2.0463;2.0471;3044.2752;2888.0502;2953.3114;2954.2162;1592.5203;1711.9789;1608.7119;1608.4211;2985.8365;1600.6336;2.0663;3020.801;1595.4033;2.0798;2961.7548;1605.9156;2.0527;2810.2066;1663.644;1.9127
1766.5172;2.0884;1.8119;2.0472;2.0479;3061.267;2907.7542;2973.1185;2974.0661;1613.8703;1732.5536;1629.9825;1629.6749;3003.7785;1622.3675;2.0658;3037.8179;1617.1597;2.0792;2980.3541;1627.6259;2.0525;2834.3517;1684.6934;1.9159
1766.6696;2.0937;1.8272;2.0541;2.0549;3075.0035;2916.9843;2988.762;2989.785;1632.3696;1747.3867;1648.0419;1647.7167;3017.9541;1641.3743;2.0711;3051.4635;1636.306;2.084;2994.8091;1646.49;2.0583;2850.2768;1701.4531;1.9275
1766.822;2.1039;1.8434;2.0653;2.0661;3085.0043;2920.7873;2998.3039;2999.4202;1643.5726;1755.6431;1658.8899;1658.5464;3027.2429;1652.1086;2.0817;3060.6974;1647.1303;2.0943;3004.0711;1657.1324;2.0691;2859.3813;1711.0223;1.9408
1766.9744;2.1132;1.8486;2.0737;2.0746;3101.5416;2936.7602;3011.967;3013.1363;1656.5195;1771.2885;1672.19;1671.8365;3043.3917;1664.8924;2.0917;3078.0135;1659.8531;2.1044;3019.3745;1669.9778;2.079;2865.6715;1724.9212;1.9487
1767.1268;2.116;1.845;2.0757;2.0766;3122.3692;2971.5341;3033.2601;3034.3708;1661.1889;1778.761;1677.2047;1676.8431;3065.6284;1669.3529;2.0953;3099.7558;1664.1768;2.1083;3042.1308;1674.5776;2.0822;2894.0944;1731.6978;1.9471
1767.2792;2.1165;1.8461;2.0763;2.0772;3134.6731;2991.8128;3047.9844;3049.0913;1661.8247;1779.3329;1677.8359;1677.4666;3079.5029;1670.0172;2.0959;3112.8492;1664.8489;2.1089;3056.6192;1675.234;2.0828;2913.3746;1732.2434;1.948
1767.4316;2.1155;1.8449;2.0752;2.0761;3142.9726;3005.9736;3058.0055;3059.0804;1662.444;1780.3132;1678.5003;1678.1303;3088.6008;1670.622;2.0947;3121.3172;1665.4416;2.1078;3066.2173;1675.8511;2.0817;2927.4018;1732.9725;1.9467
1767.584;2.1167;1.8502;2.077;2.078;3146.7708;3009.9076;3063.328;3064.4909;1665.3638;1780.9946;1681.1287;1680.7411;3093.0222;1673.5547;2.0957;3125.2609;1668.4466;2.1086;3070.9589;1678.7099;2.0829;2934.5712;1734.7899;1.9504
1767.7364;2.1201;1.8629;2.0818;2.0828;3145.456;3000.2912;3062.9969;3064.246;1667.1674;1778.9324;1682.5227;1682.1142;3091.2679;1675.6702;2.0988;3123.0944;1670.7292;2.1113;3069.3875;1680.6554;2.0864;2934.6553;1734.1981;1.9594
1767.8888;2.1239;1.868;2.0859;2.087;3143.7135;2994.7435;3060.5042;3061.8155;1666.4399;1776.628;1681.4822;1681.0636;3088.7662;1674.7794;2.1028;3120.7816;1669.8985;2.1151;3066.704;1679.7035;2.0905;2930.1211;1732.7092;1.9646
1768.0412;2.1274;1.8681;2.0889;2.09;3145.2748;2996.499;3060.3633;3061.6906;1663.93;1775.5636;1679.195;1678.7707;3090.3348;1672.1051;2.1068;3123.0522;1667.1737;2.1193;3067.7861;1677.0805;2.0943;2926.3147;1730.9296;1.966
1768.1936;2.1305;1.8722;2.0921;2.0932;3144.47;2992.6051;3058.4816;3059.9078;1663.243;1774.3456;1678.4511;1678.0105;3089.011;1671.2711;2.11;3122.0896;1666.3582;2.1224;3066.1753;1676.2277;2.0975;2922.2135;1729.9134;1.9693
1768.346;2.135;1.878;2.0967;2.098;3143.2889;2985.8587;3055.7091;3057.308;1664.4296;1774.7539;1679.5379;1679.055;3087.0172;1672.3902;2.1147;3120.6313;1667.5096;2.1271;3063.7488;1677.3138;2.1023;2915.8553;1730.697;1.9746
1768.4984;2.1356;1.8788;2.0974;2.0987;3140.4001;2979.8979;3051.8955;3053.6228;1666.2413;1776.3041;1681.3274;1680.8104;3083.6506;1674.1146;2.1156;3117.6235;1669.2381;2.128;3060.0942;1679.0341;2.1032;2909.4807;1732.3998;1.9757
1768.6508;2.1297;1.8676;2.0907;2.092;3134.0271;2973.5137;3044.0543;3045.781;1672.1021;1785.6143;1687.6218;1687.0988;3076.7828;1679.9995;2.1095;3111.2518;1674.9886;2.1222;3052.9097;1685.0556;2.0969;2900.2645;1740.0914;1.9663
1768.8032;2.1243;1.8586;2.0848;2.0861;3124.3064;2959.6626;3032.4016;3034.1368;1679.5151;1795.5373;1695.3546;1694.83;3065.9581;1687.5345;2.1039;3101.0939;1682.4207;2.1167;3041.6024;1692.6952;2.0911;2885.3451;1748.9719;1.9587
1768.9556;2.1227;1.8561;2.0831;2.0843;3119.4262;2953.3773;3027.0101;3028.731;1679.9726;1796.6206;1695.8909;1695.3689;3060.9532;1688.3842;2.1023;3096.4054;1683.241;2.1151;3036.3489;1693.5748;2.0894;2877.4589;1750.2378;1.9563
1769.108;2.1219;1.8561;2.0824;2.0836;3119.6492;2954.8017;3027.9397;3029.634;1676.4162;1792.4614;1692.2564;1691.742;3060.913;1684.5287;2.1013;3096.0438;1679.4145;2.1141;3036.5704;1689.6898;2.0885;2880.5842;1745.9127;1.9561
1769.2604;2.1197;1.8545;2.0803;2.0815;3125.636;2965.5445;3035.6381;3037.2735;1680.5769;1796.7172;1696.4281;1695.9223;3068.0784;1688.7297;2.0991;3102.6309;1683.6023;2.1119;3044.1718;1693.9043;2.0863;2891.8772;1750.2108;1.9543
1769.4128;2.1154;1.8471;2.0755;2.0768;3130.8492;2977.2421;3042.2103;3043.8098;1684.5438;1802.8884;1700.6904;1700.1722;3073.8337;1692.9601;2.0944;3107.8621;1687.7646;2.1074;3050.3711;1698.2038;2.0815;2902.5146;1755.2451;1.9483
1769.5652;2.1147;1.8435;2.0744;2.0757;3139.4008;2994.2309;3051.7892;3053.3807;1683.538;1803.2194;1699.843;1699.3141;3083.5208;1692.0717;2.094;3117.2234;1686.8089;2.1071;3060.3723;1697.3842;2.0809;2915.1197;1755.4504;1.9456
1769.7176;2.1155;1.8448;2.0753;2.0766;3142.6897;2999.6828;3055.5834;3057.3394;1679.1158;1797.7213;1695.2706;1694.6907;3087.1104;1687.3766;2.0946;3120.4958;1682.1388;2.1077;3064.2045;1692.6637;2.0816;2921.6118;1750.4561;1.9464
1769.87;2.1206;1.8527;2.0807;2.0822;3143.1287;2995.5684;3055.5018;3057.382;1679.4928;1797.0589;1695.5247;1694.9155;3087.3532;1687.595;2.1001;3121.0326;1682.4307;2.113;3064.1835;1692.807;2.0872;2918.1507;1749.7311;1.9536
1770.0224;2.1239;1.8592;2.0846;2.0862;3143.4895;2990.8065;3055.3609;3057.395;1684.251;1800.1111;1700.079;1699.4253;3087.1072;1692.411;2.1033;3120.9592;1687.2962;2.1161;3063.7599;1697.5726;2.0905;2916.0653;1753.7887;1.9587
1770.1748;2.1308;1.8712;2.0922;2.0938;3146.6778;2987.8655;3057.9019;3060.1205;1688.0005;1801.2764;1703.5053;1702.8329;3089.6626;1696.0184;2.1103;3123.7338;1691.0082;2.1229;3066.0715;1701.0739;2.0978;2915.6867;1756.0044;1.9687
1770.3272;2.1332;1.8752;2.0949;2.0965;3148.544;2988.2541;3059.8372;3062.059;1687.6485;1799.9984;1703.0356;1702.3644;3091.6788;1696.0227;2.113;3125.7367;1691.0543;2.1254;3068.074;1701.0346;2.1005;2917.433;1755.3362;1.9725
1770.4796;2.1312;1.8744;2.093;2.0946;3143.524;2983.5501;3055.7431;3057.9209;1680.34;1791.4857;1695.5775;1694.9214;3086.7988;1688.4779;2.1106;3120.5096;1683.5457;2.123;3063.4421;1693.4536;2.0982;2915.1601;1747.2782;1.971
1770.632;2.1276;1.8721;2.0896;2.0911;3137.8111;2978.5161;3050.9657;3053.0593;1676.8593;1788.1449;1692.0901;1691.4539;3081.2441;1685.1251;2.107;3114.7283;1680.2116;2.1194;3058.0426;1690.082;2.0947;2910.9547;1743.519;1.9683
1770.7844;2.1204;1.861;2.0818;2.0834;3134.9296;2980.7512;3048.9692;3050.9395;1674.662;1787.6616;1690.116;1689.4984;3078.7314;1683.0769;2.0992;3111.811;1678.0816;2.1117;3055.8903;1688.1171;2.0867;2912.9667;1742.4984;1.9585
1770.9368;2.1171;1.8554;2.0782;2.0797;3133.1049;2981.7586;3047.4396;3049.3737;1672.336;1786.3302;1687.9201;1687.3044;3077.1868;1680.7545;2.096;3110.175;1675.717;2.1087;3054.4468;1685.8378;2.0834;2912.6166;1740.7659;1.954
1771.0892;2.1121;1.8488;2.073;2.0745;3130.8219;2983.4484;3046.1792;3048.1129;1669.4547;1784.5145;1685.1661;1684.5355;3075.4111;1678.0554;2.0907;3108.06;1672.9793;2.1034;3052.957;1683.1781;2.078;2913.8689;1738.5007;1.9478
1771.2416;2.1114;1.847;2.0721;2.0737;3128.5509;2981.8543;3043.875;3045.9054;1666.1418;1781.417;1681.8795;1681.2132;3073.1283;1674.7153;2.0899;3105.7452;1669.6333;2.1027;3050.7069;1679.8441;2.0772;2912.1542;1735.2731;1.9466
1771.394;2.112;1.8462;2.0724;2.0742;3125.6018;2977.1275;3039.4571;3041.6248;1665.4768;1781.3542;1681.2887;1680.5944;3069.7133;1673.88;2.0907;3102.8588;1668.7638;2.1036;3046.911;1679.0435;2.0779;2904.9751;1735.0423;1.9459
1771.5464;2.1164;1.8478;2.0765;2.0783;3122.9544;2968.9133;3033.8748;3036.2245;1667.8045;1784.9176;1683.7782;1683.0361;3065.8825;1676.0318;2.0954;3100.0361;1670.8834;2.1083;3042.3228;1681.228;2.0825;2893.6045;1737.8058;1.949
1771.6988;2.1198;1.8534;2.0802;2.082;3121.0053;2960.045;3030.3598;3032.8524;1672.6497;1788.5612;1688.4788;1687.7175;3063.1731;1680.7837;2.0992;3097.9612;1675.6632;2.1121;3039.1046;1685.9513;2.0864;2885.607;1742.2555;1.9537
1771.8512;2.1155;1.8531;2.0765;2.0784;3117.4694;2956.7066;3028.9739;3031.4821;1673.9703;1788.8591;1689.6689;1688.8998;3059.7614;1682.5234;2.0943;3093.7722;1677.4535;2.107;3036.222;1687.6397;2.0816;2887.7572;1742.9362;1.9516
1772.0036;2.1073;1.8443;2.0682;2.0701;3114.365;2958.664;3028.1949;3030.6484;1670.5093;1785.6069;1686.2291;1685.4532;3058.0146;1679.229;2.0858;3091.4817;1674.1472;2.0985;3034.903;1684.3573;2.0731;2889.2781;1739.6321;1.9435
1772.156;2.1024;1.834;2.0627;2.0646;3113.7045;2966.9681;3028.426;3030.8008;1662.0466;1779.5147;1678.0567;1677.2746;3057.2487;1670.9745;2.0806;3090.0328;1665.804;2.0935;3034.7303;1676.1934;2.0677;2896.8662;1732.6001;1.9352
1772.3084;2.1043;1.833;2.0638;2.0658;3123.2776;2983.0226;3038.2043;3040.6049;1657.3628;1775.6601;1673.4736;1672.6693;3068.1117;1665.7077;2.0826;3100.8643;1660.5;2.0957;3045.6851;1670.9647;2.0695;2907.5751;1728.145;1.9349
1772.4608;2.1106;1.8392;2.0703;2.0723;3127.806;2987.5866;3042.0403;3044.5534;1655.8163;1773.8633;1671.8959;1671.063;3072.7537;1664.6899;2.0896;3105.7676;1659.4964;2.1027;3050.1364;1669.9325;2.0765;2909.851;1727.1274;1.9412
1772.6132;2.1135;1.8429;2.0733;2.0754;3128.1112;2988.2915;3042.3973;3044.9516;1646.7884;1763.5753;1662.7035;1661.8605;3073.2222;1654.9655;2.0926;3106.1718;1649.8284;2.1057;3050.6463;1660.1509;2.0796;2910.5819;1716.7349;1.9448
1772.7656;2.1143;1.8447;2.0742;2.0764;3127.8439;2985.51;3041.8712;3044.4664;1649.5007;1766.0053;1665.3789;1664.5263;3072.7244;1657.581;2.0935;3105.7789;1652.4538;2.1065;3050.0554;1662.7563;2.0804;2909.0039;1719.1996;1.9461
1772.918;2.1152;1.8512;2.0759;2.0781;3128.1305;2981.3702;3042.9545;3045.6792;1656.4218;1770.4785;1672.0106;1671.1434;3072.633;1664.7708;2.0941;3105.4406;1659.7302;2.1068;3050.0729;1669.8575;2.0813;2910.0514;1724.9518;1.9505
1773.0704;2.116;1.859;2.0778;2.08;3128.8268;2978.2491;3045.0717;3047.8641;1660.2882;1771.4342;1675.5055;1674.6231;3073.2405;1668.8046;2.0945;3105.4874;1663.8839;2.1069;3051.0103;1673.7691;2.0821;2914.0593;1727.0637;1.9555
1773.2228;2.1166;1.8633;2.0789;2.0811;3126.7334;2971.6329;3043.839;3046.7716;1662.8482;1772.0444;1677.8193;1676.9208;3071.1773;1671.4157;2.0948;3103.2414;1666.5659;2.1071;3049.0222;1676.308;2.0826;2912.2563;1728.5605;1.9587
1773.3752;2.1154;1.8624;2.0777;2.08;3124.2376;2968.2569;3040.6596;3043.6882;1664.7369;1774.2681;1679.7771;1678.8507;3068.1266;1673.3841;2.0936;3100.348;1668.527;2.1058;3045.8168;1678.2834;2.0814;2908.2418;1730.5186;1.9576
1773.5276;2.1151;1.8564;2.0767;2.0791;3124.1218;2969.5313;3039.1741;3042.2547;1665.5879;1777.9744;1680.9703;1680.0117;3068.0603;1674.1118;2.0937;3100.9255;1669.1385;2.1062;3045.3904;1679.1295;2.0812;2903.9145;1733.0944;1.9536
1773.68;2.1174;1.8542;2.0782;2.0806;3127.6491;2975.0223;3040.6746;3043.8273;1665.9018;1780.3256;1681.525;1680.5445;3071.0583;1674.2501;2.0963;3104.4584;1669.199;2.109;3048.0191;1679.3467;2.0836;2903.7821;1734.5512;1.9531
1773.8324;2.1202;1.8546;2.0807;2.0832;3130.7554;2979.0415;3043.1515;3046.3347;1666.3263;1781.3466;1682.078;1681.0793;3074.368;1674.5757;2.0993;3107.978;1669.4951;2.1121;3051.1993;1679.7027;2.0865;2905.7254;1735.3809;1.9547
1773.9848;2.1238;1.8641;2.0852;2.0877;3129.9024;2971.7379;3042.3273;3045.735;1667.2579;1779.6833;1682.6233;1681.5982;3073.1812;1675.4826;2.103;3106.8433;1670.5106;2.1155;3049.8984;1680.4992;2.0904;2902.7877;1734.8022;1.9617
1774.1372;2.1266;1.8748;2.0891;2.0917;3130.2401;2968.2942;3044.1103;3047.6404;1668.0013;1776.4852;1682.8971;1681.8546;3072.7327;1676.3437;2.1054;3105.9082;1671.5281;2.1176;3049.7045;1681.2011;2.0933;2905.1447;1733.2793;1.9694
1774.2896;2.1276;1.88;2.0907;2.0934;3140.6777;2982.7149;3057.6346;3061.2061;1668.9337;1775.503;1683.5511;1682.4955;3084.8224;1677.3147;2.1063;3116.8663;1672.581;2.1183;3062.6197;1682.0887;2.0944;2924.8727;1732.9991;1.9731
1774.442;2.128;1.8815;2.0914;2.0942;3144.0061;2987.4942;3061.6704;3065.3051;1670.8262;1776.7276;1685.3845;1684.2935;3088.5921;1679.1576;2.1068;3120.3536;1674.4362;2.1187;3066.5987;1683.9192;2.0949;2930.5993;1734.6773;1.9741
1774.5944;2.1299;1.881;2.0927;2.0955;3141.419;2980.8187;3056.4408;3060.3754;1673.4095;1780.9128;1688.2014;1687.0564;3085.3622;1681.7406;2.1087;3117.9998;1676.966;2.1207;3062.7189;1686.5551;2.0967;2921.2151;1737.9653;1.9747
1774.7468;2.1299;1.8716;2.0916;2.0946;3136.1009;2974.4302;3047.6912;3051.7205;1674.0225;1785.712;1689.3209;1688.1303;3078.5208;1682.1649;2.1096;3112.5533;1677.2198;2.122;3054.9247;1687.1539;2.0971;2904.328;1741.1955;1.9688
1774.8992;2.1267;1.8619;2.0873;2.0903;3147.1171;2998.0977;3059.4334;3063.3657;1674.4544;1789.8322;1690.2316;1689.0029;3091.0924;1682.4899;2.1064;3124.6943;1677.4058;2.1192;3067.9451;1687.62;2.0936;2922.301;1743.483;1.9617
1775.0516;2.1246;1.8586;2.085;2.0881;3149.2278;3001.9971;3061.7006;3065.7192;1678.9641;1795.3268;1694.8544;1693.5892;3093.3612;1687.0855;2.1042;3126.8917;1681.9631;2.117;3070.2898;1692.2549;2.0914;2925.3914;1748.6445;1.9586
1775.204;2.1248;1.8597;2.0853;2.0885;3147.8074;2997.8756;3059.7883;3063.9149;1684.1536;1799.9633;1699.9858;1698.6892;3091.871;1692.1622;2.1043;3125.6148;1687.0405;2.1171;3068.6206;1697.3308;2.0915;2922.1456;1753.6885;1.9592
1775.3564;2.125;1.8618;2.0859;2.0891;3125.481;2957.816;3033.5786;3038.1143;1684.6675;1799.8178;1700.4119;1699.0969;3067.2953;1693.2166;2.1047;3102.4528;1688.135;2.1174;3042.8847;1698.3443;2.092;2886.0877;1754.0975;1.9611
1775.5088;2.1162;1.8455;2.0759;2.0791;3081.6585;2897.0724;2983.1403;2987.8787;1673.0711;1791.5366;1689.2219;1687.9046;3019.307;1681.3412;2.0955;3056.7162;1676.1265;2.1085;2993.2048;1686.6049;2.0824;2823.1978;1744.116;1.9474
1775.6612;2.1007;1.8222;2.0592;2.0624;3054.173;2870.5916;2954.6673;2959.2588;1662.7915;1785.3159;1679.4397;1678.1292;2991.5705;1671.3754;2.0794;3029.4387;1666.0052;2.0928;2965.1879;1676.7978;2.066;2793.4268;1736.1516;1.9271
1775.8136;2.0867;1.8036;2.0446;2.0478;3051.7765;2878.8537;2954.7448;2959.0832;1656.2516;1781.602;1673.2366;1671.9288;2988.5666;1664.95;2.065;3025.759;1659.4704;2.0786;2962.7716;1670.4842;2.0513;2797.3865;1731.094;1.9102
1775.966;2.0824;1.8017;2.0406;2.0439;3082.8733;2936.9958;2995.5006;2999.4367;1652.631;1776.7435;1669.462;1668.1475;3025.9476;1661.6527;2.0598;3059.5041;1656.2163;2.0733;3002.9719;1667.143;2.0462;2862.4979;1726.8294;1.9071
1776.1184;2.0847;1.8126;2.0442;2.0475;3103.1104;2969.901;3021.9472;3025.7863;1643.1065;1761.8825;1659.2652;1657.9314;3048.5748;1652.3904;2.062;3079.9825;1647.158;2.0751;3027.1734;1657.673;2.0488;2899.5647;1714.6432;1.915
1776.2708;2.0882;1.8219;2.0486;2.052;3118.3721;2997.6787;3042.6397;3046.4038;1618.9958;1733.2567;1634.5781;1633.231;3067.0321;1628.196;2.0653;3096.1916;1623.1539;2.0782;3047.3213;1633.2854;2.0525;2934.6187;1687.8347;1.922
1776.4232;2.0949;1.8347;2.0561;2.0596;3125.1439;3008.0529;3052.2349;3056.0483;1603.3591;1713.2896;1618.3869;1617.0193;3074.9395;1612.2029;2.0723;3103.06;1607.3383;2.0849;3055.9626;1617.112;2.0598;2948.6954;1669.5355;1.9325
1776.5756;2.1028;1.8431;2.0642;2.0678;3137.7643;3021.8855;3064.0655;3068.0508;1602.4226;1711.6758;1617.3651;1615.9709;3087.179;1610.7575;2.0804;3115.217;1605.9288;2.0929;3068.2674;1615.6301;2.0679;2962.7626;1667.7333;1.9406
1776.728;2.1111;1.849;2.0721;2.0758;3141.6852;3022.2672;3065.5671;3069.7769;1610.3912;1720.64;1625.4639;1624.003;3091.2515;1618.6284;2.0895;3120.5958;1613.7535;2.1021;3071.3715;1623.5478;2.0768;2954.4667;1676.5818;1.9475
1776.8804;2.112;1.8485;2.0728;2.0766;3134.5781;3007.5789;3055.412;3059.9496;1615.9757;1727.5631;1631.2252;1629.7077;3082.1124;1624.1631;2.0907;3112.5404;1619.242;2.1034;3061.4074;1629.1294;2.078;2938.2584;1682.7809;1.9476
1777.0328;2.1082;1.8427;2.0687;2.0726;3114.8545;2978.3614;3032.6257;3037.4658;1616.3855;1728.8669;1631.745;1630.1956;3061.7039;1624.9083;2.0866;3093.2719;1619.9428;2.0995;3040.1192;1629.9199;2.0738;2909.4265;1684.1196;1.9425
1777.1852;2.1047;1.8395;2.0652;2.0693;3059.181;2889.4311;2968.63;2974.2495;1608.2994;1720.3705;1623.5992;1622.0124;3000.2341;1616.7094;2.0829;3035.0896;1611.7662;2.0957;2976.0208;1621.6984;2.0701;2822.1219;1675.5479;1.9392
1777.3376;2.1004;1.832;2.0605;2.0646;3025.7089;2840.8351;2930.2975;2936.353;1597.9516;1710.7921;1613.3524;1611.7372;2963.7375;1606.3979;2.0785;3000.4185;1601.4146;2.0914;2938.1098;1611.428;2.0655;2772.1687;1665.825;1.9328
1777.49;2.0949;1.822;2.0543;2.0585;3017.5663;2833.8846;2921.8492;2927.8479;1589.6492;1705.2939;1605.3577;1603.7113;2955.4361;1598.2314;2.0729;2992.2164;1593.177;2.0861;2929.7806;1603.3343;2.0597;2764.2095;1658.6369;1.9247
1777.6424;2.0857;1.8046;2.0439;2.0481;3023.5246;2857.4999;2929.5859;2935.3532;1587.1355;1705.7281;1603.228;1601.5556;2961.6192;1595.5752;2.0635;2997.6129;1590.3625;2.0771;2936.7081;1600.8395;2.0499;2779.0658;1658.2976;1.9103
1777.7948;2.0785;1.7937;2.0361;2.0404;3041.7662;2893.1738;2952.4282;2957.7706;1587.9411;1709.3457;1604.3858;1602.6929;2984.3507;1596.624;2.056;3018.6076;1591.3144;2.0698;2960.8618;1601.987;2.0423;2816.071;1660.525;1.9009
1777.9472;2.0756;1.7907;2.0334;2.0377;3035.481;2885.0052;2945.7702;2951.1373;1589.5049;1711.4865;1606.028;1604.3301;2976.8321;1598.2277;2.0532;3011.2916;1592.8976;2.0669;2953.1817;1603.6115;2.0394;2807.1508;1662.317;1.8977
1778.0996;2.0763;1.796;2.0344;2.0388;3046.3495;2899.8156;2959.5228;2964.8507;1593.4423;1713.1397;1609.6919;1607.9846;2989.0725;1602.2706;2.0531;3022.576;1597.0191;2.0666;2966.1068;1607.5742;2.0395;2825.5569;1665.1075;1.9012
1778.252;2.0834;1.8088;2.0425;2.0469;3058.645;2912.2671;2973.3155;2978.7476;1596.2585;1713.2582;1612.1638;1610.4448;3002.1918;1605.1128;2.0608;3035.1202;1599.9787;2.074;2979.606;1610.2966;2.0475;2841.8855;1666.297;1.9122
1778.4044;2.0913;1.8213;2.0511;2.0555;3067.1823;2917.8127;2981.78;2987.4312;1600.4294;1714.8639;1616.0114;1614.266;3010.4206;1608.7703;2.0688;3043.2373;1603.7184;2.0819;2987.8742;1613.8701;2.0558;2850.1142;1668.9608;1.9223
1778.5568;2.1017;1.8302;2.0613;2.0658;3078.6844;2925.2881;2990.5818;2996.4875;1613.2541;1728.7326;1628.9877;1627.2034;3021.6589;1621.7228;2.0801;3055.5959;1616.6501;2.0931;2998.2661;1626.8435;2.067;2851.7774;1682.4101;1.9327
1778.7092;2.1095;1.8348;2.0687;2.0732;3095.8796;2945.8595;3005.9105;3011.8496;1623.0601;1740.0243;1638.9941;1637.185;3037.2549;1631.197;2.0882;3071.4639;1626.053;2.1015;3013.7213;1636.3901;2.075;2867.6088;1693.1449;1.9382
1778.8616;2.1164;1.8463;2.0762;2.0809;3133.9253;2999.3007;3049.3762;3055.1188;1633.4842;1748.8524;1649.2211;1647.379;3079.1232;1641.5661;2.0957;3111.6035;1636.486;2.1088;3056.9167;1646.6939;2.0827;2920.2948;1702.6918;1.948
1779.014;2.1197;1.8509;2.0797;2.0844;3142.4197;3009.3523;3058.2641;3064.0897;1641.7219;1756.7331;1657.4212;1655.5275;3089.2035;1649.8524;2.0988;3121.4576;1644.7822;2.1118;3067.1624;1654.9699;2.0859;2931.7429;1710.8229;1.952
1779.1664;2.1235;1.8605;2.0845;2.0894;3127.6332;2974.2046;3040.0468;3046.742;1651.7625;1764.8415;1667.2274;1665.2632;3071.5642;1659.6352;2.1031;3105.2942;1654.6383;2.1158;3048.2842;1664.6776;2.0904;2900.9743;1719.5199;1.959
1779.3188;2.1235;1.8676;2.0853;2.0903;3126.2372;2966.6967;3039.21;3046.2376;1664.6057;1774.9215;1679.732;1677.696;3068.5448;1672.8718;2.1023;3101.9645;1667.9812;2.1146;3045.3826;1677.8056;2.0899;2900.2763;1730.9013;1.9638
1779.4712;2.1225;1.8693;2.085;2.0901;3140.7504;2988.013;3057.5811;3064.6161;1668.9823;1778.419;1684.0211;1681.9404;3084.8476;1677.3591;2.1015;3116.9212;1672.4958;2.1137;3062.7078;1682.265;2.0892;2925.9931;1734.8825;1.9644
1779.6236;2.1206;1.8649;2.0825;2.0878;3166.9316;3035.1475;3087.8704;3094.3735;1669.5527;1780.4704;1684.6954;1682.5944;3113.6497;1677.9874;2.0994;3143.9431;1673.0887;2.1117;3092.9531;1682.9293;2.0871;2969.7766;1736.0574;1.9614
1779.776;2.1201;1.8582;2.0811;2.0864;3171.5545;3045.3138;3092.0075;3098.4109;1668.2366;1782.131;1683.8699;1681.7308;3120.0834;1676.5985;2.099;3150.7;1671.5653;2.1117;3099.2409;1681.6778;2.0864;2973.9766;1736.6326;1.9564
1779.9284;2.122;1.8587;2.0828;2.0882;3153.828;3015.8038;3070.0695;3076.9213;1665.3928;1779.4867;1680.9989;1678.8367;3099.4476;1673.6616;2.1013;3131.638;1668.6224;2.114;3077.3855;1678.7467;2.0886;2941.5793;1733.9744;1.9577
1780.0808;2.1219;1.8566;2.0824;2.0878;3137.8882;2991.5462;3051.0501;3058.2472;1659.8727;1774.6476;1675.5521;1673.3637;3081.9583;1667.9557;2.1012;3115.2152;1662.8928;2.114;3059.0833;1673.0653;2.0884;2916.4859;1728.6887;1.9561
1780.2332;2.1222;1.8591;2.0831;2.0886;3118.3993;2959.6255;3029.4051;3037.0848;1653.4928;1766.3506;1668.9334;1666.7223;3060.8707;1661.7607;2.1015;3094.9353;1656.7708;2.1142;3037.3042;1666.7959;2.0888;2888.7647;1721.418;1.9584
1780.3856;2.1158;1.8538;2.0768;2.0823;3096.129;2931.6197;3006.5085;3014.3749;1640.0142;1752.1976;1655.3576;1653.1418;3037.3672;1648.3171;2.0947;3071.828;1643.3618;2.1073;3013.457;1653.3176;2.082;2861.7468;1707.3859;1.9522
1780.538;2.1054;1.8379;2.0655;2.0712;3068.7739;2900.5485;2977.4752;2985.4381;1624.7597;1739.0123;1640.3519;1638.1158;3009.8854;1633.0841;2.0838;3044.9271;1628.0482;2.0967;2985.5696;1638.1671;2.0709;2831.2544;1693.1939;1.9384
1780.6904;2.0937;1.8174;2.0526;2.0584;3014.6284;2825.9827;2915.6194;2924.2097;1606.3278;1724.1312;1622.347;1620.0722;2951.1098;1615.1291;2.0717;2988.8433;1609.9578;2.0851;2924.7576;1620.3506;2.0584;2754.1365;1677.1541;1.9213
1780.8428;2.0848;1.7992;2.0423;2.0482;2981.3279;2786.1517;2877.9711;2886.8684;1585.5519;1706.7431;1601.9741;1599.6528;2915.5272;1594.0904;2.0626;2954.6736;1588.797;2.0764;2888.1713;1599.4372;2.0489;2709.8884;1657.9831;1.9067
1780.9952;2.0767;1.7911;2.0342;2.0402;2972.1278;2779.5669;2870.9172;2879.8839;1578.2829;1699.6135;1594.7123;1592.3412;2907.564;1586.8611;2.0545;2946.4213;1581.5523;2.0683;2880.4065;1592.2239;2.0406;2702.2548;1650.8932;1.8982
1781.1476;2.0726;1.7906;2.0306;2.0367;2972.6892;2783.2623;2874.2145;2883.1485;1575.8085;1694.6127;1591.9145;1589.5244;2907.3152;1584.7278;2.0493;2945.1047;1579.5038;2.0629;2880.9636;1590.0039;2.0357;2712.1965;1647.1129;1.897
1781.3;2.0751;1.8026;2.0346;2.0407;2998.1618;2821.7892;2906.54;2915.1946;1576.4181;1692.159;1592.15;1589.7617;2936.8184;1585.0547;2.0519;2972.6248;1579.9931;2.065;2911.8974;1590.165;2.0387;2752.5984;1645.2193;1.9045
1781.4524;2.0866;1.816;2.0464;2.0526;3037.1026;2875.8119;2948.9189;2957.3843;1585.4396;1699.2757;1600.9607;1598.5264;2977.8022;1594.1413;2.0639;3011.6392;1589.1265;2.0769;2954.4212;1599.2038;2.0509;2810.404;1653.7019;1.9179
1781.6048;2.0957;1.8217;2.0549;2.0614;3056.3631;2900.3104;2967.0563;2975.7194;1590.8072;1706.2073;1606.5172;1604.0064;2998.1476;1599.202;2.0736;3032.3826;1594.1294;2.0869;2974.5428;1604.3234;2.0604;2827.5647;1659.9398;1.9247
1781.7572;2.1007;1.8265;2.0598;2.0664;3061.6826;2904.562;2971.3061;2980.2524;1593.8373;1709.2765;1609.5537;1606.9847;3003.2136;1602.1403;2.0791;3037.8006;1597.066;2.0923;2979.3489;1607.2632;2.0659;2829.9057;1663.0469;1.9296
1781.9096;2.1031;1.8291;2.0623;2.069;3068.4448;2913.5429;2978.4315;2987.5085;1596.428;1711.8654;1612.1474;1609.5296;3010.1473;1604.6525;2.0815;3044.589;1599.5778;2.0947;2986.4032;1609.7758;2.0683;2837.8639;1665.605;1.9319
1782.062;2.1078;1.8359;2.0673;2.0741;3084.4434;2933.0951;2995.5478;3004.6997;1604.4714;1719.0877;1620.0965;1617.4333;3026.8798;1612.3637;2.0865;3060.875;1607.3174;2.0997;3003.4709;1617.4578;2.0734;2857.5647;1672.9797;1.9381
1782.2144;2.1086;1.8382;2.0683;2.0752;3098.2794;2950.6065;3010.8669;3019.9909;1619.0493;1734.0527;1634.7342;1632.0288;3041.5595;1627.1646;2.0873;3075.066;1622.0971;2.1004;3018.5228;1632.2799;2.0742;2875.5648;1687.9553;1.9396
1782.3668;2.1082;1.8397;2.0683;2.0752;3102.158;2955.7111;3016.0796;3025.2506;1623.6274;1737.9945;1639.2538;1636.5159;3045.9494;1631.9541;2.0869;3079.0278;1626.9129;2.0998;3023.2289;1637.0423;2.0739;2882.991;1692.2489;1.9408
1782.5192;2.1071;1.8401;2.0673;2.0743;3102.1998;2955.8724;3016.6746;3025.9093;1623.9382;1737.7303;1639.4303;1636.6726;3045.8806;1632.2867;2.0853;3078.6291;1627.2712;2.0982;3023.3682;1637.3515;2.0725;2885.4867;1692.1927;1.9404
1782.6716;2.1106;1.8472;2.0714;2.0786;3100.2474;2948.3945;3014.4498;3024.2782;1623.8704;1735.7806;1639.1948;1636.3618;3043.9022;1632.2463;2.0892;3076.8502;1627.3002;2.1019;3021.1952;1637.2357;2.0764;2880.7316;1691.1401;1.9461
1782.824;2.115;1.8525;2.0759;2.0834;3095.429;2936.7854;3007.4141;3017.9364;1623.275;1734.4764;1638.494;1635.5737;3037.8004;1631.4774;2.0937;3071.5192;1626.5596;2.1064;3014.481;1636.4402;2.081;2868.7304;1690.1004;1.951
1782.9764;2.1164;1.8529;2.0771;2.0848;3095.6446;2936.473;3006.9817;3017.8036;1622.8452;1734.2035;1638.0568;1635.0414;3037.4838;1631.0101;2.0953;3071.4878;1626.0886;2.108;3013.95;1635.9766;2.0826;2866.0686;1689.8073;1.9522
1783.1288;2.1144;1.8453;2.0743;2.0823;3102.2132;2952.5855;3013.8769;3024.6385;1619.3475;1733.9175;1634.9712;1631.8744;3045.1237;1627.5691;2.0934;3078.9086;1622.5403;2.1064;3021.8588;1632.6453;2.0804;2876.8697;1687.8943;1.9464
1783.2812;2.1144;1.8453;2.0743;2.0824;3104.8958;2957.5912;3017.5955;3028.576;1616.4213;1729.9725;1631.9163;1628.7359;3048.5021;1624.5158;2.0933;3081.9555;1619.4977;2.1063;3025.4972;1629.5768;2.0803;2882.5518;1684.7402;1.9464
1783.4336;2.1159;1.8499;2.0763;2.0846;3106.1675;2957.6584;3019.2728;3030.6342;1616.4709;1729.0615;1631.8527;1628.6229;3049.7164;1624.5212;2.0948;3083.0291;1619.5634;2.1077;3026.7792;1629.5289;2.082;2884.1564;1683.901;1.9497
1783.586;2.1215;1.8579;2.0823;2.0907;3108.3379;2955.4482;3020.5388;3032.3577;1619.2198;1730.2747;1634.4133;1631.1224;3051.4115;1627.1384;2.1007;3085.0554;1622.2299;2.1135;3028.1865;1632.0916;2.088;2882.8528;1685.8731;1.9569
1783.7384;2.1255;1.8636;2.0865;2.0951;3113.1458;2959.028;3025.4165;3037.6024;1619.4961;1729.5583;1634.5639;1631.2492;3055.794;1627.6735;2.1048;3089.2933;1622.8081;2.1174;3032.6583;1632.583;2.0921;2888.0606;1685.8363;1.962
1783.8908;2.1269;1.8642;2.0878;2.0964;3128.1116;2985.7082;3043.0124;3054.7924;1615.6855;1725.8426;1630.7629;1627.3946;3072.8722;1623.5667;2.1064;3105.5231;1618.6999;2.1191;3050.4318;1628.4777;2.0938;2911.2961;1681.8772;1.9629
1784.0432;2.1231;1.86;2.0839;2.0926;3130.9191;2992.577;3047.1702;3058.9372;1616.5739;1727.1331;1631.7027;1628.277;3076.6024;1624.3537;2.1023;3108.707;1619.4707;2.115;3054.5908;1629.2811;2.0897;2919.6902;1682.7674;1.9589
1784.1956;2.1191;1.8541;2.0796;2.0887;3127.8136;2990.1172;3044.0244;3056.1088;1619.7638;1731.5353;1635.0481;1631.5133;3073.0231;1627.8908;2.0981;3105.1666;1622.9516;2.1109;3051.0023;1632.8754;2.0853;2916.4616;1687.0004;1.9536
1784.348;2.1172;1.8512;2.0776;2.087;3127.619;2992.2593;3044.3182;3056.7013;1616.6036;1728.8482;1631.9445;1628.2605;3073.4504;1624.7148;2.0962;3105.3703;1619.761;2.1091;3051.6174;1629.7144;2.0834;2918.9899;1684.0349;1.9512
1784.5004;2.1137;1.8446;2.0736;2.0833;3109.4888;2968.7939;3023.7855;3036.8854;1608.3939;1721.73;1623.8654;1620.0877;3054.7164;1616.5866;2.0926;3087.4789;1611.5929;2.1055;3032.2557;1621.627;2.0796;2894.3828;1676.4881;1.9457
1784.6528;2.1075;1.8328;2.0666;2.0765;3086.0133;2939.0858;2997.4248;3011.0574;1597.2025;1712.7044;1612.9346;1609.085;3028.4522;1605.4422;2.0864;3062.3518;1600.3658;2.0997;3005.1615;1610.5671;2.0731;2860.7024;1666.5372;1.9362
1784.8052;2.1032;1.8265;2.0619;2.0722;3075.1573;2928.3695;2986.2375;3000.2009;1592.5691;1708.9364;1608.4048;1604.4116;3019.0935;1600.7526;2.0817;3053.1691;1595.6418;2.0951;2995.6871;1605.9129;2.0683;2850.049;1662.3291;1.9304
1784.9576;2.1029;1.8263;2.0617;2.0722;3030.9207;2850.8108;2932.9789;2949.3913;1593.5056;1709.8566;1609.3401;1605.2553;2968.628;1601.5321;2.0814;3005.8636;1596.4213;2.0947;2942.7047;1606.6924;2.068;2775.9756;1663.0273;1.9303
1785.11;2.1;1.8244;2.0589;2.0699;3015.8951;2824.0355;2915.2079;2932.6947;1603.1456;1720.0731;1619.0611;1614.7965;2950.8697;1611.3987;2.0785;2989.1575;1606.261;2.0918;2924.09;1616.586;2.0652;2750.3623;1673.1356;1.9279
1785.2624;2.0904;1.8135;2.0492;2.0603;3016.3879;2828.9153;2917.5702;2935.2852;1612.9115;1731.7149;1629.0673;1624.6471;2951.9923;1621.4788;2.0685;2989.7121;1616.2615;2.0819;2925.6604;1626.7468;2.0551;2756.1591;1684.0397;1.9177
1785.4148;2.0833;1.8052;2.0419;2.0534;3020.3454;2842.1862;2925.007;2942.5025;1616.994;1737.0712;1633.3124;1628.7293;2957.6693;1625.7665;2.0609;2994.4158;1620.4996;2.0743;2932.1057;1631.085;2.0474;2768.7683;1688.821;1.9098
1785.5672;2.0838;1.805;2.0422;2.054;3040.4239;2875.2982;2947.8136;2965.2067;1617.5847;1738.0256;1633.9496;1629.2589;2978.88;1626.426;2.0611;3014.5084;1621.1403;2.0746;2954.2304;1631.7636;2.0477;2799.6714;1689.7494;1.9095
1785.7196;2.0898;1.8106;2.0482;2.0605;3075.9184;2931.6722;2987.8997;3004.8562;1615.8814;1736.1042;1632.1942;1627.3036;3018.2408;1624.5534;2.0676;3051.9604;1619.2874;2.0811;2995.1272;1629.8712;2.0541;2853.9791;1687.8193;1.9155
1785.872;2.0967;1.8176;2.0551;2.0679;3093.0048;2955.5315;3006.4812;3023.9108;1614.3952;1733.4519;1630.6766;1625.661;3036.7468;1622.8836;2.075;3069.8667;1617.6323;2.0885;3014.1242;1628.1864;2.0615;2876.7068;1686.0132;1.9223
1786.0244;2.1028;1.8324;2.0625;2.0758;3102.9644;2963.671;3018.5709;3037.1471;1615.9773;1731.6126;1631.6409;1626.382;3047.1636;1624.2168;2.081;3079.5165;1619.1491;2.0941;3025.0227;1629.3321;2.068;2891.3144;1684.9476;1.9339
1786.1768;2.1105;1.8479;2.0714;2.0852;3110.8581;2966.8122;3027.3043;3047.3707;1621.713;1732.9683;1636.9529;1631.5248;3054.9731;1630.0594;2.0891;3087.1051;1625.1341;2.1018;3032.9025;1635.0298;2.0764;2898.9531;1688.6968;1.9465
1786.3292;2.1172;1.8581;2.0786;2.093;3119.7648;2973.3535;3036.0068;3057.6001;1628.9997;1738.8369;1644.0527;1638.3799;3063.7637;1637.0677;2.096;3095.9038;1632.2026;2.1085;3041.6468;1641.9767;2.0835;2907.0711;1694.9339;1.9553
1786.4816;2.1208;1.8639;2.0825;2.0978;3130.3015;2983.1175;3046.8642;3070.0608;1638.2011;1747.4271;1653.1819;1647.1427;3074.042;1646.0924;2.0998;3105.9567;1641.2509;2.1122;3052.0761;1650.977;2.0874;2918.9346;1703.6574;1.9603
1786.634;2.1212;1.8649;2.0831;2.099;3141.732;3004.6166;3061.3818;3085.514;1636.7904;1745.5726;1651.7145;1645.4166;3087.4518;1645.7829;2.1001;3118.45;1640.9575;2.1125;3066.1989;1650.6511;2.0878;2938.4302;1703.0284;1.9613
1786.7864;2.1193;1.8636;2.0812;2.0983;3143.3714;3013.2362;3065.1476;3089.836;1616.2213;1723.7454;1630.9706;1624.3328;3090.0606;1624.1732;2.0983;3119.9751;1619.4122;2.1107;3069.654;1628.9764;2.086;2950.6026;1680.6882;1.9596
1786.9388;2.1177;1.8577;2.079;2.097;3138.4335;3012.6456;3060.0867;3086.3014;1603.6918;1712.2355;1618.5613;1611.596;3085.6125;1611.8536;2.0966;3115.6553;1607.0503;2.1091;3065.1641;1616.7003;2.084;2945.3183;1669.0494;1.9554
1787.0912;2.1162;1.8501;2.0765;2.0957;3128.7536;3003.7587;3048.4206;3076.2801;1591.53;1702.0486;1606.642;1599.3141;3075.1213;1599.5731;2.0951;3105.9849;1594.6928;2.108;3054.1145;1604.4986;2.0823;2930.104;1657.9408;1.9502
1787.2436;2.111;1.8399;2.0706;2.0907;3113.912;2986.2906;3031.4942;3061.3827;1585.8223;1698.7427;1601.2211;1593.4772;3058.9908;1593.9031;2.0895;3090.7386;1588.9338;2.1026;3037.3549;1598.9194;2.0764;2908.5762;1653.4931;1.9417
1787.396;2.1036;1.8269;2.0623;2.0836;3097.0898;2966.505;3012.536;3044.5108;1582.8114;1698.4316;1598.5484;1590.3779;3040.8616;1591.0438;2.082;3073.3393;1585.9648;2.0953;3018.717;1596.1719;2.0686;2886.7434;1652.084;1.9309
1787.5484;2.0918;1.8105;2.0499;2.0721;3070.0648;2932.9857;2983.1828;3017.3042;1579.7992;1698.2879;1595.8831;1587.3019;3012.6288;1588.3016;2.0697;3046.0288;1583.1149;2.0833;2989.8021;1593.5396;2.0561;2852.8806;1650.6882;1.9162
1787.7008;2.0836;1.7992;2.0412;2.0641;3035.2012;2881.8518;2943.7342;2980.7621;1578.1832;1697.9185;1594.4208;1585.6279;2974.2452;1586.777;2.0611;3009.3286;1581.5223;2.0749;2950.1059;1592.0843;2.0474;2802.8399;1649.9901;1.9061
1787.8532;2.0813;1.7953;2.0387;2.062;3018.4013;2855.468;2923.7442;2963.0282;1578.8183;1700.383;1595.287;1586.1843;2955.3847;1587.4404;2.0586;2991.6001;1582.1399;2.0724;2930.3689;1592.7945;2.0447;2776.0468;1651.2338;1.9026
1788.0056;2.0837;1.7989;2.0413;2.0655;3010.3376;2837.0625;2913.4815;2956.7388;1581.9704;1702.1573;1598.3001;1588.9115;2946.5488;1590.5806;2.061;2983.494;1585.2996;2.0748;2920.9371;1595.9145;2.0473;2760.7388;1654.1321;1.9056
1788.158;2.091;1.8138;2.0497;2.0752;3007.4569;2824.5561;2909.6933;2956.8176;1585.5698;1702.2901;1601.4603;1591.6147;2940.6553;1594.0607;2.0688;2978.2363;1588.9297;2.0822;2914.4337;1599.2418;2.0554;2750.3223;1655.5616;1.9179
1788.3104;2.0967;1.8233;2.0559;2.083;3013.7158;2826.7267;2915.8021;2969.0368;1589.0765;1704.1389;1604.7502;1594.3051;2947.1404;1597.4721;2.0747;2984.7641;1592.4097;2.0879;2920.8387;1602.5831;2.0615;2754.91;1658.0702;1.9258
1788.4628;2.1022;1.8293;2.0616;2.09;3036.9816;2860.7186;2941.6773;2996.1093;1592.587;1707.1036;1608.2023;1597.2892;2969.5594;1601.0425;2.0801;3006.1825;1595.9981;2.0932;2944.0626;1606.1317;2.0669;2788.0027;1661.2866;1.9318
1788.6152;2.1038;1.8301;2.063;2.0959;3058.0097;2894.9447;2965.5094;3034.7353;1596.73;1712.1723;1612.4742;1599.6609;3000.0732;1604.648;2.0828;3034.6597;1599.6641;2.0959;2975.9434;1609.7481;2.0696;2823.5142;1665.3706;1.9338
1788.7676;2.0998;1.8313;2.0598;2.1004;3051.3115;2883.5856;2960.2052;3052.8798;1601.1174;1714.0382;1616.5304;1600.8453;3052.996;1600.7714;2.1005;3052.9333;1600.8395;2.1004;3053.0087;1600.7714;2.1005;3053.0287;1600.7714;2.1005
1788.92;2.1035;1.8434;2.0648;2.1035;3058.553;2888.8649;2969.9666;3058.553;1604.2461;1713.674;1619.2059;1604.2461;3058.5159;1604.2007;2.1035;3058.5159;1604.2007;2.1035;3058.5159;1604.2007;2.1035;3058.5159;1604.2007;2.1035
